,umd,sgg,umd2,PRRCK_LARG,PRRCK_MDDL,LOCTN_ALTT,LOCTN_GRDN,EIGHT_AGL,CLZN_CD,TPGRP_TPCD,PRDN_FOM_C,SLANT_TYP,SLDPT_TPCD,SCSTX_CD,SLTP_CD
0,개진면,고령군,고령군 개진면,2,24,306.1,18.7,158.6,3,12,01,1,20,02,01
1,성산면,고령군,고령군 성산면,2,26,103.2,13.4,244.5,3,12,01,1,10,02,01
2,우곡면,고령군,고령군 우곡면,2,24,64.1,17.7,285.2,3,07,01,1,10,03,13
3,각북면,청도군,청도군 각북면,1,12,573.4,22.5,15.5,3,12,01,1,10,02,01
4,이서면,청도군,청도군 이서면,2,26,249.5,15.1,86.6,3,12,01,1,10,02,01
5,지천면,칠곡군,칠곡군 지천면,2,23,85.0,20.5,133.8,3,07,01,1,10,02,13
6,용암면,성주군,성주군 용암면,2,22,171.8,7.9,171.5,3,07,01,1,10,03,01
7,다산면,고령군,고령군 다산면,2,26,114.8,19.7,155.9,3,07,01,1,10,02,01
8,서부2동,경산시,경산시 서부2동,2,24,95.0,0.0,135.0,3,07,01,1,10,02,01
9,서부1동,경산시,경산시 서부1동,1,14,460.1,26.8,228.6,3,12,01,1,10,02,01
10,중앙동,경산시,경산시 중앙동,2,24,69.3,36.8,236.3,3,07,05,2,20,02,14
11,남천면,경산시,경산시 남천면,1,12,197.4,20.1,156.4,3,12,03,3,20,02,02
12,남부동,경산시,경산시 남부동,2,24,364.4,21.2,207.1,3,07,01,1,10,03,01
13,북부동,경산시,경산시 북부동,2,24,83.4,8.8,244.2,3,07,01,1,10,03,15
14,청통면,영천시,영천시 청통면,2,23,160.0,4.0,353.1,3,07,01,1,10,03,13
15,서부동,영천시,영천시 서부동,2,23,160.0,4.0,353.1,3,07,01,1,10,03,13
16,완산동,영천시,영천시 완산동,2,23,88.1,4.5,148.2,3,12,01,1,10,03,15
17,금호읍,영천시,영천시 금호읍,2,23,150.0,3.8,229.9,3,07,01,1,10,03,15
18,남부동,영천시,영천시 남부동,2,25,270.1,35.1,43.0,3,12,01,1,10,03,13
19,진량읍,경산시,경산시 진량읍,1,12,384.0,9.3,86.0,3,12,01,1,10,02,01
20,용성면,경산시,경산시 용성면,1,12,384.0,9.3,86.0,3,12,01,1,10,02,01
21,대창면,영천시,영천시 대창면,2,25,273.4,22.7,53.0,3,12,01,1,10,03,01
22,압량읍,경산시,경산시 압량읍,2,24,65.3,1.2,85.4,3,07,05,2,20,03,02
23,자인면,경산시,경산시 자인면,2,24,151.6,22.0,187.1,3,07,01,1,10,03,01
24,동부동,경산시,경산시 동부동,2,24,177.2,9.7,24.6,3,07,05,2,20,03,02
25,운문면,청도군,청도군 운문면,1,14,292.0,23.0,270.5,3,12,01,1,10,02,01
26,남산면,경산시,경산시 남산면,2,24,430.9,28.4,58.9,3,12,01,1,10,02,01
27,금천면,청도군,청도군 금천면,2,24,246.6,22.4,290.6,3,12,01,1,10,03,01
28,산내면,경주시,경주시 산내면,1,14,304.5,11.1,331.6,3,12,01,1,10,02,01
29,북안면,영천시,영천시 북안면,2,25,291.5,32.9,206.6,3,12,01,1,10,03,01
30,서면,경주시,경주시 서면,2,25,270.0,11.0,87.6,3,12,01,1,10,03,13
31,춘산면,의성군,의성군 춘산면,2,22,369.1,32.7,279.1,2,12,01,1,10,03,13
32,고로면,군위군,군위군 고로면,2,25,481.0,30.9,143.5,2,12,05,2,30,02,16
33,현서면,청송군,청송군 현서면,2,24,467.1,24.2,153.3,1,12,01,1,10,03,15
34,화남면,영천시,영천시 화남면,2,24,476.5,30.7,237.8,2,12,05,2,20,01,02
35,화북면,영천시,영천시 화북면,2,24,355.5,26.7,269.9,2,12,01,1,10,03,15
36,자양면,영천시,영천시 자양면,2,24,346.2,33.2,199.1,2,12,05,2,20,03,16
37,임고면,영천시,영천시 임고면,2,24,346.2,33.2,199.1,2,12,05,2,20,03,16
38,화산면,영천시,영천시 화산면,2,24,154.6,16.2,322.4,2,07,01,1,10,03,15
39,동부동,영천시,영천시 동부동,2,24,178.1,21.5,165.4,2,07,01,1,10,03,15
40,중앙동,영천시,영천시 중앙동,2,24,181.2,9.3,35.4,2,07,01,1,10,03,15
41,부남면,청송군,청송군 부남면,1,11,676.2,30.9,159.8,2,12,01,1,10,03,01
42,기계면,포항시 북구,포항시 북구 기계면,2,26,337.4,36.7,229.3,3,12,01,1,10,03,15
43,기북면,포항시 북구,포항시 북구 기북면,2,26,337.4,36.7,229.3,3,12,01,1,10,03,15
44,죽장면,포항시 북구,포항시 북구 죽장면,2,26,464.9,4.1,268.7,2,12,01,1,10,03,01
45,안강읍,경주시,경주시 안강읍,2,23,239.6,21.0,240.5,3,12,05,2,20,03,16
46,고경면,영천시,영천시 고경면,2,23,239.6,21.0,240.5,3,12,05,2,20,03,16
47,청하면,포항시 북구,포항시 북구 청하면,2,24,545.6,7.0,29.7,2,12,01,1,10,03,15
48,송라면,포항시 북구,포항시 북구 송라면,2,24,225.3,47.1,7.2,2,12,03,3,30,03,16
49,흥해읍,포항시 북구,포항시 북구 흥해읍,2,26,156.1,21.3,119.7,4,12,01,1,10,02,15
50,신광면,포항시 북구,포항시 북구 신광면,2,26,156.1,21.3,119.7,4,12,01,1,10,02,15
51,장량동,포항시 북구,포항시 북구 장량동,2,23,72.3,23.4,203.4,4,07,01,1,10,03,24
52,환여동,포항시 북구,포항시 북구 환여동,2,24,52.9,16.2,254.0,4,07,01,1,10,03,15
53,우창동,포항시 북구,포항시 북구 우창동,2,23,53.9,18.5,60.1,4,07,01,1,10,03,15
54,중앙동,포항시 북구,포항시 북구 중앙동,2,23,30.8,19.2,39.5,4,07,01,1,10,03,15
55,두호동,포항시 북구,포항시 북구 두호동,2,23,41.3,22.6,307.1,4,07,01,1,10,03,15
56,양학동,포항시 북구,포항시 북구 양학동,2,23,70.4,22.6,342.7,4,07,01,1,10,03,15
57,용흥동,포항시 북구,포항시 북구 용흥동,2,23,70.4,22.6,342.7,4,07,01,1,10,03,15
58,송도동,포항시 남구,포항시 남구 송도동,2,23,1.8,0.9,254.2,4,07,05,2,10,03,15
59,연일읍,포항시 남구,포항시 남구 연일읍,2,22,133.1,8.3,332.0,3,12,01,1,10,03,15
60,강동면,경주시,경주시 강동면,2,22,133.1,8.3,332.0,3,12,01,1,10,03,15
61,효곡동,포항시 남구,포항시 남구 효곡동,2,24,94.8,14.7,198.5,3,07,01,1,10,03,01
62,대이동,포항시 남구,포항시 남구 대이동,2,24,65.2,9.9,120.2,3,07,01,1,10,02,15
63,동해면,포항시 남구,포항시 남구 동해면,1,15,99.5,22.4,344.1,4,07,01,1,10,02,01
64,명륜동,안동시,안동시 명륜동,1,11,215.6,17.2,342.0,2,07,01,1,10,01,01
65,중구동,안동시,안동시 중구동,1,11,262.1,18.8,264.8,2,07,01,1,10,01,01
66,임하면,안동시,안동시 임하면,2,21,241.7,31.3,282.4,2,12,01,1,20,01,01
67,점곡면,의성군,의성군 점곡면,2,24,338.8,21.2,40.6,2,12,01,1,10,03,15
68,파천면,청송군,청송군 파천면,2,22,536.6,34.6,250.2,1,12,01,1,10,02,13
69,길안면,안동시,안동시 길안면,1,12,261.3,16.3,119.2,2,12,01,1,10,02,01
70,옥산면,의성군,의성군 옥산면,2,24,587.4,23.5,91.5,2,12,01,1,10,03,13
71,사곡면,의성군,의성군 사곡면,2,24,277.2,25.2,227.1,2,12,01,1,10,02,13
72,청송읍,청송군,청송군 청송읍,2,22,357.1,25.4,99.6,1,12,05,3,20,03,16
73,주왕산면,청송군,청송군 주왕산면,2,22,357.1,25.4,99.6,1,12,05,3,20,03,16
74,안덕면,청송군,청송군 안덕면,2,22,302.5,28.6,338.6,1,12,05,2,20,03,14
75,현동면,청송군,청송군 현동면,1,11,381.8,33.2,2.1,1,12,05,3,20,01,02
76,영덕읍,영덕군,영덕군 영덕읍,1,11,383.5,25.3,278.6,2,12,03,3,20,09,02
77,지품면,영덕군,영덕군 지품면,1,11,367.5,27.6,87.5,2,12,01,1,20,09,01
78,달산면,영덕군,영덕군 달산면,2,26,175.9,23.3,182.9,2,12,01,1,10,03,13
79,강구면,영덕군,영덕군 강구면,2,25,282.2,13.8,82.7,2,12,01,1,10,03,13
80,남정면,영덕군,영덕군 남정면,1,14,307.8,13.3,21.9,2,12,01,1,10,01,01
81,녹전면,안동시,안동시 녹전면,1,11,199.4,25.2,191.8,2,07,01,1,20,01,01
82,예안면,안동시,안동시 예안면,2,22,254.4,28.4,332.0,2,12,01,1,10,03,13
83,용상동,안동시,안동시 용상동,3,31,199.0,10.1,353.9,2,07,01,1,10,01,01
84,와룡면,안동시,안동시 와룡면,1,11,278.4,11.9,127.1,2,07,01,1,10,01,01
85,일월면,영양군,영양군 일월면,2,23,583.3,38.7,279.9,2,12,05,3,20,04,14
86,청기면,영양군,영양군 청기면,2,23,435.0,25.3,53.5,2,12,01,1,10,04,13
87,임동면,안동시,안동시 임동면,2,22,358.0,16.3,270.3,2,12,01,1,10,03,13
88,석보면,영양군,영양군 석보면,2,23,305.4,29.5,217.8,2,12,01,1,10,03,13
89,진보면,청송군,청송군 진보면,2,23,342.1,28.4,157.5,2,12,01,1,10,03,13
90,입암면,영양군,영양군 입암면,2,23,342.1,28.4,157.5,2,12,01,1,10,03,13
91,영양읍,영양군,영양군 영양읍,2,22,626.9,36.7,123.9,2,12,01,1,10,03,13
92,수비면,영양군,영양군 수비면,2,22,626.9,36.7,123.9,2,12,01,1,10,03,13
93,온정면,울진군,울진군 온정면,3,31,257.1,31.4,135.3,2,12,01,1,10,01,01
94,평해읍,울진군,울진군 평해읍,3,31,92.1,37.3,302.0,4,12,05,3,20,04,02
95,후포면,울진군,울진군 후포면,1,11,100.0,15.5,50.8,4,12,01,1,10,02,01
96,병곡면,영덕군,영덕군 병곡면,1,11,465.0,12.5,189.6,2,12,01,1,10,02,01
97,영해면,영덕군,영덕군 영해면,1,11,442.8,50.4,19.0,2,12,05,3,20,02,02
98,창수면,영덕군,영덕군 창수면,1,11,442.8,50.4,19.0,2,12,05,3,20,02,02
99,축산면,영덕군,영덕군 축산면,2,26,177.0,23.0,204.1,4,12,03,2,20,02,14
100,봉성면,봉화군,봉화군 봉성면,3,32,610.9,13.9,89.5,2,12,01,1,20,02,01
101,물야면,봉화군,봉화군 물야면,3,31,883.8,22.7,80.3,2,12,01,1,20,02,01
102,춘양면,봉화군,봉화군 춘양면,3,31,883.8,22.7,80.3,2,12,01,1,20,02,01
103,법전면,봉화군,봉화군 법전면,1,11,503.0,19.9,326.7,2,12,01,1,10,02,01
104,도산면,안동시,안동시 도산면,2,22,430.1,15.4,279.2,2,12,01,1,10,02,01
105,명호면,봉화군,봉화군 명호면,2,22,430.1,15.4,279.2,2,12,01,1,10,02,01
106,상운면,봉화군,봉화군 상운면,2,22,430.1,15.4,279.2,2,12,01,1,10,02,01
107,소천면,봉화군,봉화군 소천면,2,22,620.8,39.2,99.8,1,12,01,1,20,01,01
108,재산면,봉화군,봉화군 재산면,1,11,588.2,9.1,118.6,1,12,01,1,20,01,01
109,울진읍,울진군,울진군 울진읍,3,31,341.1,16.5,306.3,2,12,01,1,10,01,01
110,근남면,울진군,울진군 근남면,3,31,515.8,38.7,104.6,2,12,01,1,10,01,01
111,금강송면,울진군,울진군 금강송면,3,31,515.8,38.7,104.6,2,12,01,1,10,01,01
112,매화면,울진군,울진군 매화면,3,31,515.8,38.7,104.6,2,12,01,1,10,01,01
113,기성면,울진군,울진군 기성면,3,31,303.7,11.8,268.9,4,12,01,1,10,01,01
114,석포면,봉화군,봉화군 석포면,1,11,863.1,31.2,162.6,1,12,01,1,20,02,01
115,북면,울진군,울진군 북면,3,31,99.9,32.7,37.5,4,07,01,1,10,01,01
116,죽변면,울진군,울진군 죽변면,3,31,174.3,6.4,242.0,4,07,01,1,10,02,01
117,화양읍,청도군,청도군 화양읍,2,25,356.3,24.5,319.6,3,12,01,1,10,02,01
118,각남면,청도군,청도군 각남면,1,14,447.7,30.9,249.1,3,12,01,1,20,01,01
119,청도읍,청도군,청도군 청도읍,2,25,305.0,28.7,304.8,3,12,01,1,10,02,01
120,매전면,청도군,청도군 매전면,2,25,305.0,28.7,304.8,3,12,01,1,10,02,01
121,선남면,성주군,성주군 선남면,3,31,142.6,17.3,329.0,3,07,01,1,10,02,01
122,가천면,성주군,성주군 가천면,3,31,618.3,33.0,147.4,3,12,01,1,20,01,02
123,성주읍,성주군,성주군 성주읍,3,31,132.5,21.5,16.9,3,12,01,1,10,01,01
124,운수면,고령군,고령군 운수면,2,23,107.4,24.0,250.5,3,12,01,1,10,02,01
125,수륜면,성주군,성주군 수륜면,1,11,423.5,22.1,291.4,3,12,01,1,10,02,01
126,대가면,성주군,성주군 대가면,1,11,276.7,34.4,332.7,3,12,01,1,10,01,01
127,금수면,성주군,성주군 금수면,1,11,583.0,15.7,272.7,2,12,01,1,10,01,01
128,쌍림면,고령군,고령군 쌍림면,2,22,145.0,0.0,-1.0,3,12,01,1,10,02,01
129,대가야읍,고령군,고령군 대가야읍,2,23,305.0,0.0,-1.0,3,12,01,1,10,02,01
130,덕곡면,고령군,고령군 덕곡면,3,31,302.2,25.3,67.8,2,12,01,1,20,01,02
131,조마면,김천시,김천시 조마면,1,11,377.2,28.7,86.0,2,12,01,1,10,02,01
132,부항면,김천시,김천시 부항면,1,11,288.1,21.4,190.8,2,12,01,1,10,01,01
133,대덕면,김천시,김천시 대덕면,3,31,632.1,14.5,92.4,2,12,01,1,10,01,01
134,증산면,김천시,김천시 증산면,3,31,632.1,14.5,92.4,2,12,01,1,10,01,01
135,지례면,김천시,김천시 지례면,1,11,320.4,36.1,246.3,2,12,01,1,10,01,01
136,왜관읍,칠곡군,칠곡군 왜관읍,1,11,36.8,0.7,202.7,2,07,05,2,20,09,02
137,풍각면,청도군,청도군 풍각면,1,12,496.2,32.7,181.9,3,12,01,1,20,02,01
138,북삼읍,칠곡군,칠곡군 북삼읍,3,31,329.7,21.0,330.3,3,12,01,1,10,01,01
139,초전면,성주군,성주군 초전면,3,31,238.1,20.1,300.4,3,12,01,1,10,01,01
140,월항면,성주군,성주군 월항면,3,31,238.1,20.1,300.4,3,12,01,1,10,01,01
141,벽진면,성주군,성주군 벽진면,3,31,395.4,29.0,249.7,3,12,01,1,10,02,01
142,청리면,상주시,상주시 청리면,3,31,269.4,19.9,256.8,2,12,01,1,10,01,01
143,모서면,상주시,상주시 모서면,3,31,452.1,27.6,283.9,2,12,01,1,10,01,01
144,공성면,상주시,상주시 공성면,3,32,489.0,30.4,255.4,2,12,01,1,10,01,01
145,모동면,상주시,상주시 모동면,3,32,489.0,30.4,255.4,2,12,01,1,10,01,01
146,송정동,구미시,구미시 송정동,3,31,103.5,17.1,67.8,2,12,01,1,10,01,01
147,형곡1동,구미시,구미시 형곡1동,2,22,188.7,22.3,320.3,2,12,01,1,10,01,01
148,선주원남동,구미시,구미시 선주원남동,3,31,253.8,25.7,33.9,2,12,05,2,30,02,02
149,형곡2동,구미시,구미시 형곡2동,3,31,253.8,25.7,33.9,2,12,05,2,30,02,02
150,상모사곡동,구미시,구미시 상모사곡동,3,31,253.8,25.7,33.9,2,12,05,2,30,02,02
151,선산읍,구미시,구미시 선산읍,3,31,134.1,17.0,214.7,2,07,01,1,10,01,26
152,무을면,구미시,구미시 무을면,3,31,167.8,25.4,280.2,2,12,01,1,10,01,26
153,옥성면,구미시,구미시 옥성면,3,31,160.0,3.0,59.4,2,12,01,1,10,01,01
154,감천면,김천시,김천시 감천면,1,16,356.6,20.1,25.8,2,12,01,1,10,01,01
155,개령면,김천시,김천시 개령면,3,31,165.1,16.6,21.9,2,07,01,1,10,01,01
156,감문면,김천시,김천시 감문면,3,31,165.1,16.6,21.9,2,07,01,1,10,01,01
157,어모면,김천시,김천시 어모면,3,31,177.1,21.3,216.1,2,12,01,1,10,01,01
158,대신동,김천시,김천시 대신동,3,31,160.4,19.8,284.1,2,12,01,1,10,02,01
159,농소면,김천시,김천시 농소면,1,11,205.8,22.8,120.1,2,07,01,1,10,09,01
160,봉산면,김천시,김천시 봉산면,1,16,401.8,24.5,199.6,2,12,01,1,10,01,01
161,자산동,김천시,김천시 자산동,3,31,115.8,19.7,155.4,2,07,01,1,10,01,01
162,평화남산동,김천시,김천시 평화남산동,3,31,225.9,11.9,82.9,2,12,01,1,20,01,01
163,양금동,김천시,김천시 양금동,1,11,144.9,23.2,206.8,2,12,01,1,10,01,01
164,율곡동,김천시,김천시 율곡동,1,16,155.5,24.4,323.3,2,07,01,1,10,01,26
165,아포읍,김천시,김천시 아포읍,3,31,211.9,22.4,34.6,2,12,03,2,30,01,02
166,지좌동,김천시,김천시 지좌동,1,11,165.1,20.1,285.8,2,07,01,1,10,09,24
167,남면,김천시,김천시 남면,3,31,263.2,22.4,184.1,2,12,01,1,10,01,26
168,대곡동,김천시,김천시 대곡동,3,31,199.8,18.0,225.8,2,12,01,1,10,01,01
169,구성면,김천시,김천시 구성면,3,31,324.6,26.9,320.4,2,12,01,1,10,01,01
170,대항면,김천시,김천시 대항면,3,31,552.5,17.5,112.5,2,12,01,1,10,01,01
171,가산면,칠곡군,칠곡군 가산면,2,25,354.8,18.6,87.1,2,12,05,2,10,02,16
172,석적읍,칠곡군,칠곡군 석적읍,3,31,161.6,24.6,140.3,2,07,01,1,10,09,01
173,약목면,칠곡군,칠곡군 약목면,3,31,167.5,16.3,81.4,2,12,01,1,10,01,01
174,기산면,칠곡군,칠곡군 기산면,3,31,319.1,22.8,77.2,3,12,01,1,10,01,01
175,동명면,칠곡군,칠곡군 동명면,2,22,580.0,10.1,151.3,2,12,01,1,10,03,15
176,임오동,구미시,구미시 임오동,3,31,119.0,33.9,87.0,2,07,05,2,20,01,02
177,가음면,의성군,의성군 가음면,2,24,247.5,27.1,52.2,2,12,06,3,20,03,16
178,봉양면,의성군,의성군 봉양면,2,24,144.6,23.1,307.2,2,12,05,2,20,01,14
179,비안면,의성군,의성군 비안면,2,24,190.6,10.0,128.9,2,12,01,1,10,01,13
180,금성면,의성군,의성군 금성면,2,24,291.1,14.3,133.4,2,12,01,1,10,03,15
181,우보면,군위군,군위군 우보면,2,22,211.0,18.6,174.1,2,12,01,1,10,03,15
182,군위읍,군위군,군위군 군위읍,2,22,293.4,15.3,347.6,2,12,01,1,10,01,13
183,의흥면,군위군,군위군 의흥면,2,24,264.6,22.3,2.7,2,12,06,3,20,03,16
184,산성면,군위군,군위군 산성면,2,24,264.6,22.3,2.7,2,12,06,3,20,03,16
185,부계면,군위군,군위군 부계면,2,22,391.3,18.3,203.0,2,12,01,1,10,03,15
186,소보면,군위군,군위군 소보면,2,22,181.0,20.7,271.7,2,12,01,1,10,02,13
187,장천면,구미시,구미시 장천면,2,22,180.6,14.4,292.7,2,12,05,2,20,01,14
188,구천면,의성군,의성군 구천면,2,22,233.1,24.6,163.9,2,12,03,2,20,01,02
189,효령면,군위군,군위군 효령면,2,22,232.0,27.7,258.6,2,12,01,1,10,03,15
190,지산동,구미시,구미시 지산동,3,31,61.3,31.3,303.2,2,07,05,2,20,01,02
191,고아읍,구미시,구미시 고아읍,3,31,218.2,14.2,53.2,2,07,01,1,10,01,01
192,도량동,구미시,구미시 도량동,1,11,92.7,18.5,225.5,2,07,01,1,10,01,01
193,공단1동,구미시,구미시 공단1동,3,31,102.7,20.6,317.6,2,07,01,1,10,01,01
194,진미동,구미시,구미시 진미동,3,31,102.7,20.6,317.6,2,07,01,1,10,01,01
195,광평동,구미시,구미시 광평동,3,31,124.4,12.2,316.8,2,07,01,1,10,01,01
196,양포동,구미시,구미시 양포동,2,22,102.0,12.7,195.2,2,12,05,2,20,01,16
197,인동동,구미시,구미시 인동동,2,25,183.8,17.3,74.4,2,12,03,2,20,02,16
198,산동면,구미시,구미시 산동면,2,24,145.9,28.3,273.5,2,12,05,2,20,01,14
199,신평1동,구미시,구미시 신평1동,3,31,84.1,13.8,151.3,2,07,01,1,10,01,01
200,신평2동,구미시,구미시 신평2동,3,31,84.1,13.8,151.3,2,07,01,1,10,01,01
201,원평1동,구미시,구미시 원평1동,3,31,45.7,3.3,264.3,2,10,05,2,20,01,02
202,비산동,구미시,구미시 비산동,3,31,68.8,21.3,185.6,2,07,01,1,10,01,01
203,도개면,구미시,구미시 도개면,2,22,315.9,10.6,51.5,2,12,03,3,20,01,02
204,해평면,구미시,구미시 해평면,2,22,315.9,10.6,51.5,2,12,03,3,20,01,02
205,신녕면,영천시,영천시 신녕면,2,24,701.7,28.8,144.9,2,12,01,1,10,03,15
206,황남동,경주시,경주시 황남동,1,11,88.7,9.4,329.5,3,12,05,2,20,03,02
207,월성동,경주시,경주시 월성동,1,11,164.5,31.1,330.2,3,12,06,3,20,03,02
208,외동읍,경주시,경주시 외동읍,1,11,207.1,11.2,302.0,3,12,05,2,30,09,02
209,내남면,경주시,경주시 내남면,1,11,207.1,11.2,302.0,3,12,05,2,30,09,02
210,불국동,경주시,경주시 불국동,1,11,207.1,11.2,302.0,3,12,05,2,30,09,02
211,천북면,경주시,경주시 천북면,1,12,178.8,23.2,293.1,3,07,06,3,20,03,02
212,건천읍,경주시,경주시 건천읍,2,25,155.6,2.9,124.0,3,07,06,3,10,03,02
213,현곡면,경주시,경주시 현곡면,2,25,155.6,2.9,124.0,3,07,06,3,10,03,02
214,선도동,경주시,경주시 선도동,2,25,155.6,2.9,124.0,3,07,06,3,10,03,02
215,황성동,경주시,경주시 황성동,1,11,38.6,1.1,319.4,3,10,05,2,20,09,02
216,성건동,경주시,경주시 성건동,2,23,102.8,19.2,25.2,3,07,05,2,20,03,16
217,대송면,포항시 남구,포항시 남구 대송면,1,12,338.3,11.1,212.6,3,12,01,1,10,01,01
218,용강동,경주시,경주시 용강동,1,11,111.0,14.8,230.0,3,07,06,3,30,02,02
219,동천동,경주시,경주시 동천동,1,11,111.0,14.8,230.0,3,07,06,3,30,02,02
220,오천읍,포항시 남구,포항시 남구 오천읍,1,11,381.3,32.6,106.0,3,12,06,3,30,02,02
221,양북면,경주시,경주시 양북면,1,11,381.3,32.6,106.0,3,12,06,3,30,02,02
222,보덕동,경주시,경주시 보덕동,1,11,224.7,43.1,270.4,3,12,06,3,20,02,02
223,양남면,경주시,경주시 양남면,1,12,119.5,15.4,327.4,4,12,01,1,10,01,01
224,화북면,상주시,상주시 화북면,1,11,639.8,31.6,287.9,2,3,2,2,2,1,02
225,화남면,상주시,상주시 화남면,1,11,547.0,27.7,53.8,2,12,01,1,10,02,01
226,점촌4동,문경시,문경시 점촌4동,2,24,445.0,36.1,8.8,2,3,1,1,1,3,01
227,산양면,문경시,문경시 산양면,1,11,261.1,22.9,346.1,2,3,2,2,2,3,02
228,호계면,문경시,문경시 호계면,2,22,329.8,25.7,109.2,2,3,2,2,2,3,02
229,점촌1동,문경시,문경시 점촌1동,3,31,209.0,19.5,215.5,2,2,1,1,1,2,01
230,점촌3동,문경시,문경시 점촌3동,3,31,214.6,39.1,111.4,2,2,1,1,1,1,01
231,점촌5동,문경시,문경시 점촌5동,3,31,166.6,19.8,154.3,2,2,1,1,2,2,01
232,점촌2동,문경시,문경시 점촌2동,3,31,89.2,31.9,97.8,2,2,3,2,2,2,02
233,마성면,문경시,문경시 마성면,2,21,246.9,9.6,57.4,2,3,1,1,1,4,10
234,가은읍,문경시,문경시 가은읍,1,11,295.6,9.3,44.0,2,3,3,2,2,1,02
235,풍양면,예천군,예천군 풍양면,2,24,167.3,14.7,163.9,2,12,01,1,10,01,15
236,지보면,예천군,예천군 지보면,3,32,168.6,27.5,225.8,2,07,01,1,10,01,01
237,용궁면,예천군,예천군 용궁면,3,32,170.6,24.1,298.3,2,07,01,1,10,02,01
238,다인면,의성군,의성군 다인면,2,24,145.1,15.0,213.6,2,12,01,1,10,01,24
239,단밀면,의성군,의성군 단밀면,3,31,149.8,14.1,102.3,2,12,01,1,10,01,24
240,북문동,상주시,상주시 북문동,3,31,241.0,25.2,67.8,2,12,01,1,10,01,01
241,계림동,상주시,상주시 계림동,1,11,107.5,16.3,164.5,2,07,01,1,10,01,01
242,사벌국면,상주시,상주시 사벌국면,2,24,121.4,10.5,208.7,2,07,01,1,10,02,01
243,낙동면,상주시,상주시 낙동면,3,31,253.2,18.3,127.0,2,12,01,1,10,01,01
244,동문동,상주시,상주시 동문동,3,31,246.9,20.2,339.7,2,12,01,1,10,01,01
245,공검면,상주시,상주시 공검면,2,22,203.6,13.0,39.9,2,07,01,1,10,02,01
246,남원동,상주시,상주시 남원동,3,31,251.0,30.8,121.6,2,12,01,1,10,01,01
247,외서면,상주시,상주시 외서면,1,11,558.2,21.4,265.3,2,12,01,1,10,01,01
248,은척면,상주시,상주시 은척면,1,11,558.2,21.4,265.3,2,12,01,1,10,01,01
249,중동면,상주시,상주시 중동면,2,24,95.3,8.1,342.4,2,07,01,1,10,01,24
250,외남면,상주시,상주시 외남면,3,31,506.9,26.4,222.2,2,12,01,1,10,02,01
251,영순면,문경시,문경시 영순면,3,32,114.7,13.3,226.3,2,07,01,1,10,02,01
252,농암면,문경시,문경시 농암면,1,14,383.5,33.8,96.4,2,12,01,1,10,01,01
253,화동면,상주시,상주시 화동면,2,26,354.3,24.7,91.7,2,12,01,1,10,02,01
254,화서면,상주시,상주시 화서면,2,26,354.3,24.7,91.7,2,12,01,1,10,02,01
255,내서면,상주시,상주시 내서면,3,31,163.1,10.2,59.0,2,12,01,1,20,01,01
256,이안면,상주시,상주시 이안면,2,24,180.1,26.5,149.8,2,07,01,1,10,02,01
257,함창읍,상주시,상주시 함창읍,3,32,157.8,17.6,273.4,2,07,01,1,10,02,01
258,동성동,상주시,상주시 동성동,3,31,363.5,16.6,299.4,2,12,01,1,10,01,01
259,신흥동,상주시,상주시 신흥동,3,31,363.5,16.6,299.4,2,12,01,1,10,01,01
260,풍산읍,안동시,안동시 풍산읍,3,31,358.3,26.7,347.2,2,3,4,3,2,3,02
261,호명면,예천군,예천군 호명면,3,31,358.3,26.7,347.2,2,3,4,3,2,3,02
262,안기동,안동시,안동시 안기동,1,11,187.2,15.6,339.8,2,2,1,1,1,1,01
263,송하동,안동시,안동시 송하동,1,11,144.1,8.8,159.1,2,2,3,2,2,1,02
264,북후면,안동시,안동시 북후면,3,31,327.1,24.7,89.7,2,2,3,2,2,1,02
265,서후면,안동시,안동시 서후면,1,11,357.6,16.1,164.1,2,3,3,2,2,1,02
266,예천읍,예천군,예천군 예천읍,3,31,260.4,22.9,210.1,2,2,1,1,1,1,01
267,유천면,예천군,예천군 유천면,1,11,105.0,0.0,-1.0,2,2,3,2,2,1,02
268,개포면,예천군,예천군 개포면,3,32,147.2,26.6,180.8,2,2,3,2,2,1,02
269,안계면,의성군,의성군 안계면,2,24,119.1,21.1,232.8,2,12,01,1,10,01,13
270,신평면,의성군,의성군 신평면,2,22,275.8,17.3,343.8,2,12,01,1,10,02,13
271,안사면,의성군,의성군 안사면,2,22,275.8,17.3,343.8,2,12,01,1,10,02,13
272,의성읍,의성군,의성군 의성읍,2,23,206.6,24.2,99.1,2,12,01,1,10,03,15
273,단북면,의성군,의성군 단북면,2,24,78.0,11.2,58.1,2,07,01,1,10,01,13
274,안평면,의성군,의성군 안평면,2,24,226.2,13.7,226.7,2,12,01,1,10,03,13
275,강남동,안동시,안동시 강남동,3,31,217.1,14.3,222.0,2,07,01,1,10,01,01
276,단촌면,의성군,의성군 단촌면,2,24,296.9,29.5,336.3,2,12,05,2,20,03,16
277,평화동,안동시,안동시 평화동,1,11,125.0,0.0,0.0,2,07,01,1,10,01,01
278,서구동,안동시,안동시 서구동,1,11,174.3,11.5,191.5,2,07,01,1,10,01,01
279,풍천면,안동시,안동시 풍천면,2,24,398.0,9.2,228.3,2,12,01,1,10,03,15
280,일직면,안동시,안동시 일직면,2,24,398.0,9.2,228.3,2,12,01,1,10,03,15
281,태화동,안동시,안동시 태화동,1,11,120.1,20.3,150.5,2,07,01,1,10,01,01
282,옥동,안동시,안동시 옥동,1,11,120.1,20.3,150.5,2,07,01,1,10,01,01
283,남후면,안동시,안동시 남후면,2,21,193.9,33.2,279.4,2,12,05,2,20,03,14
284,동로면,문경시,문경시 동로면,1,11,682.5,20.6,229.3,2,3,2,2,2,2,02
285,문경읍,문경시,문경시 문경읍,3,32,865.6,31.7,267.5,1,3,1,1,2,3,01
286,산북면,문경시,문경시 산북면,1,11,703.9,17.8,279.1,1,3,3,2,2,2,02
287,은풍면,예천군,예천군 은풍면,3,31,597.5,25.5,158.7,2,3,2,2,2,2,02
288,하망동,영주시,영주시 하망동,1,11,176.6,14.1,252.3,2,2,1,1,1,1,01
289,휴천1동,영주시,영주시 휴천1동,1,11,176.6,14.1,252.3,2,2,1,1,1,1,01
290,장수면,영주시,영주시 장수면,1,11,378.0,17.0,63.0,2,2,3,2,3,1,02
291,봉현면,영주시,영주시 봉현면,1,11,378.0,17.0,63.0,2,2,3,2,3,1,02
292,감천면,예천군,예천군 감천면,1,11,378.0,17.0,63.0,2,2,3,2,3,1,02
293,영주1동,영주시,영주시 영주1동,1,11,223.3,23.0,205.0,2,2,1,1,1,1,01
294,이산면,영주시,영주시 이산면,1,11,265.2,26.4,44.0,2,2,3,2,2,1,02
295,영주2동,영주시,영주시 영주2동,1,11,169.6,16.6,119.5,2,2,1,1,1,1,01
296,평은면,영주시,영주시 평은면,3,31,371.0,25.0,240.6,2,2,3,2,2,1,02
297,휴천3동,영주시,영주시 휴천3동,1,11,199.7,25.6,299.1,2,2,3,2,2,1,02
298,휴천2동,영주시,영주시 휴천2동,1,11,175.0,25.5,310.5,2,2,1,1,1,1,01
299,가흥1동,영주시,영주시 가흥1동,1,11,178.5,16.6,34.3,2,2,1,1,1,1,01
300,가흥2동,영주시,영주시 가흥2동,1,11,178.5,16.6,34.3,2,2,1,1,1,1,01
301,풍기읍,영주시,영주시 풍기읍,1,11,241.8,21.3,20.1,2,2,1,1,1,1,01
302,상망동,영주시,영주시 상망동,1,11,255.8,24.4,170.1,2,2,1,1,1,1,01
303,봉화읍,봉화군,봉화군 봉화읍,1,11,255.8,24.4,170.1,2,2,1,1,1,1,01
304,효자면,예천군,예천군 효자면,3,31,633.3,21.9,248.0,2,3,3,2,2,2,02
305,문수면,영주시,영주시 문수면,1,11,188.9,21.5,267.7,2,2,1,1,1,1,01
306,보문면,예천군,예천군 보문면,1,11,167.3,20.6,121.0,2,2,1,1,1,1,01
307,용문면,예천군,예천군 용문면,3,31,282.6,19.2,307.5,2,3,3,2,2,1,02
308,단산면,영주시,영주시 단산면,3,31,876.3,27.6,122.7,1,3,1,1,2,2,01
309,부석면,영주시,영주시 부석면,3,31,876.3,27.6,122.7,1,3,1,1,2,2,01
310,순흥면,영주시,영주시 순흥면,3,31,526.2,29.6,111.2,2,3,1,1,2,2,01
311,안정면,영주시,영주시 안정면,1,11,206.6,14.7,104.5,2,2,1,1,2,1,01
312,남선면,안동시,안동시 남선면,2,24,294.1,38.7,90.3,2,12,06,3,20,03,16
313,함양읍,함양군,함양군 함양읍,1,11,559.2,29.7,314.0,2,12,06,3,20,01,02
314,마천면,함양군,함양군 마천면,3,31,675.0,32.8,175.9,2,12,06,2,30,01,02
315,휴천면,함양군,함양군 휴천면,3,31,675.0,32.8,175.9,2,12,06,2,30,01,02
316,유림면,함양군,함양군 유림면,3,31,416.0,38.7,60.3,2,12,05,2,20,01,02
317,금서면,산청군,산청군 금서면,3,31,454.4,32.7,356.8,2,12,06,3,30,02,03
318,삼장면,산청군,산청군 삼장면,3,31,397.8,19.6,89.5,3,12,06,3,30,03,03
319,시천면,산청군,산청군 시천면,3,31,397.8,19.6,89.5,3,12,06,3,30,03,03
320,단성면,산청군,산청군 단성면,3,31,397.8,19.6,89.5,3,12,06,3,30,03,03
321,청암면,하동군,하동군 청암면,3,31,580.4,34.1,74.4,3,12,01,1,20,02,02
322,옥종면,하동군,하동군 옥종면,3,31,292.0,24.2,206.7,4,12,01,1,10,03,01
323,횡천면,하동군,하동군 횡천면,1,11,447.4,25.8,79.4,3,12,01,1,10,02,01
324,북천면,하동군,하동군 북천면,1,11,447.4,25.8,79.4,3,12,01,1,10,02,01
325,고전면,하동군,하동군 고전면,1,16,502.2,30.3,335.3,3,12,01,1,10,02,01
326,금남면,하동군,하동군 금남면,1,16,502.2,30.3,335.3,3,12,01,1,10,02,01
327,진교면,하동군,하동군 진교면,1,16,502.2,30.3,335.3,3,12,01,1,10,02,01
328,화개면,하동군,하동군 화개면,3,31,828.4,21.3,51.8,1,12,03,3,30,02,03
329,하동읍,하동군,하동군 하동읍,3,31,216.7,27.8,28.2,3,12,01,1,10,02,01
330,적량면,하동군,하동군 적량면,3,31,216.7,27.8,28.2,3,12,01,1,10,02,01
331,악양면,하동군,하동군 악양면,3,31,570.3,33.8,212.5,3,12,01,1,20,02,02
332,금성면,하동군,하동군 금성면,2,26,126.9,7.0,143.5,4,07,01,1,10,02,01
333,양보면,하동군,하동군 양보면,1,12,206.6,13.4,212.9,3,12,01,1,10,02,01
334,남해읍,남해군,남해군 남해읍,1,11,501.3,30.4,30.3,4,12,01,1,10,02,01
335,서면,남해군,남해군 서면,1,11,501.3,30.4,30.3,4,12,01,1,10,02,01
336,마리면,거창군,거창군 마리면,1,11,704.4,22.6,128.3,2,12,06,3,30,01,02
337,고제면,거창군,거창군 고제면,3,31,520.0,6.1,357.3,2,12,06,3,30,03,02
338,북상면,거창군,거창군 북상면,3,31,520.0,6.1,357.3,2,12,06,3,30,03,02
339,주상면,거창군,거창군 주상면,1,11,445.3,29.4,3.9,2,12,06,3,30,01,02
340,거창읍,거창군,거창군 거창읍,3,31,343.8,11.0,292.8,2,12,05,2,30,09,02
341,수동면,함양군,함양군 수동면,3,31,384.0,34.1,253.2,2,12,06,3,30,02,02
342,안의면,함양군,함양군 안의면,3,31,486.9,21.6,53.6,2,12,06,3,30,01,02
343,위천면,거창군,거창군 위천면,1,11,718.3,29.7,281.4,2,12,06,3,30,01,03
344,지곡면,함양군,함양군 지곡면,1,11,811.2,16.8,46.4,2,12,06,3,30,01,02
345,서하면,함양군,함양군 서하면,1,11,811.2,16.8,46.4,2,12,06,3,30,01,02
346,병곡면,함양군,함양군 병곡면,1,11,811.2,16.8,46.4,2,12,06,3,30,01,02
347,서상면,함양군,함양군 서상면,1,11,776.1,40.7,347.1,2,12,06,3,30,01,02
348,백전면,함양군,함양군 백전면,1,11,525.9,34.5,280.8,2,12,06,3,30,01,02
349,오부면,산청군,산청군 오부면,1,16,401.8,32.2,282.2,3,12,05,2,20,01,02
350,생초면,산청군,산청군 생초면,3,31,477.8,35.4,279.5,2,12,06,3,30,01,02
351,이동면,남해군,남해군 이동면,1,11,334.9,25.8,118.1,4,12,01,1,10,02,01
352,남면,남해군,남해군 남면,1,14,263.3,15.8,243.8,4,12,01,1,10,02,01
353,창선면,남해군,남해군 창선면,1,11,204.6,31.4,322.5,4,07,01,1,20,02,01
354,상주면,남해군,남해군 상주면,1,11,153.1,29.2,26.5,4,12,01,1,10,02,01
355,삼동면,남해군,남해군 삼동면,1,11,241.2,27.1,83.6,4,12,01,1,10,02,01
356,미조면,남해군,남해군 미조면,1,11,167.0,28.1,136.2,4,12,01,1,10,02,01
357,하일면,고성군,고성군 하일면,1,14,177.1,22.0,185.8,4,12,05,2,20,03,02
358,하이면,고성군,고성군 하이면,1,14,177.1,22.0,185.8,4,12,05,2,20,03,02
359,상리면,고성군,고성군 상리면,2,22,304.2,24.2,157.5,4,12,05,2,30,02,02
360,고현면,남해군,남해군 고현면,2,22,266.5,30.2,163.2,4,12,01,1,10,03,01
361,설천면,남해군,남해군 설천면,2,22,266.5,30.2,163.2,4,12,01,1,10,03,01
362,정동면,사천시,사천시 정동면,2,22,177.1,28.0,117.3,4,12,05,2,20,03,14
363,사남면,사천시,사천시 사남면,2,22,177.1,28.0,117.3,4,12,05,2,20,03,14
364,동서동,사천시,사천시 동서동,1,14,168.7,18.5,108.0,4,07,01,1,10,02,01
365,남양동,사천시,사천시 남양동,1,14,168.7,18.5,108.0,4,07,01,1,10,02,01
366,선구동,사천시,사천시 선구동,2,22,211.0,20.9,104.0,4,07,01,1,10,02,01
367,벌용동,사천시,사천시 벌용동,1,16,263.1,31.6,292.4,4,12,01,1,10,02,01
368,향촌동,사천시,사천시 향촌동,1,14,285.5,26.0,136.7,4,12,05,2,20,02,02
369,서포면,사천시,사천시 서포면,2,22,43.8,15.2,243.5,4,07,01,1,10,03,01
370,동서금동,사천시,사천시 동서금동,2,22,24.5,15.0,302.3,4,07,05,2,20,02,02
371,곤양면,사천시,사천시 곤양면,2,22,25.0,6.6,179.5,4,07,01,1,10,02,26
372,용현면,사천시,사천시 용현면,2,26,121.6,18.2,239.9,4,12,01,1,10,02,13
373,대가면,고성군,고성군 대가면,1,14,215.3,20.3,316.1,4,12,01,1,10,02,01
374,삼산면,고성군,고성군 삼산면,2,24,205.3,38.7,43.7,4,12,05,2,20,02,02
375,영현면,고성군,고성군 영현면,1,16,316.9,23.9,14.8,4,12,01,1,10,02,01
376,거류면,고성군,고성군 거류면,1,16,155.4,19.3,268.7,4,12,05,2,20,02,02
377,마암면,고성군,고성군 마암면,2,22,186.9,19.3,106.5,4,12,01,1,10,03,01
378,고성읍,고성군,고성군 고성읍,2,24,173.6,28.4,184.2,4,12,05,2,20,02,02
379,동해면,고성군,고성군 동해면,1,16,210.2,25.8,71.0,4,12,01,1,10,02,01
380,장평동,거제시,거제시 장평동,1,11,153.9,20.9,253.2,4,12,05,2,20,03,02
381,사등면,거제시,거제시 사등면,1,12,64.4,19.6,141.3,4,12,06,3,30,03,02
382,둔덕면,거제시,거제시 둔덕면,1,16,102.3,10.8,1.8,4,12,01,1,10,02,01
383,거제면,거제시,거제시 거제면,1,14,275.4,27.2,96.5,4,12,06,3,20,03,02
384,광도면,통영시,통영시 광도면,1,14,178.3,33.6,358.9,4,12,05,2,20,02,02
385,산양읍,통영시,통영시 산양읍,1,14,349.9,20.3,176.5,4,07,01,1,10,03,01
386,봉평동,통영시,통영시 봉평동,1,14,349.9,20.3,176.5,4,07,01,1,10,03,01
387,미수동,통영시,통영시 미수동,1,14,176.1,20.1,188.9,4,07,05,2,20,02,02
388,무전동,통영시,통영시 무전동,1,16,125.0,0.0,-1.0,4,07,01,1,10,02,01
389,중앙동,통영시,통영시 중앙동,1,14,99.3,30.8,180.9,4,07,05,2,20,02,02
390,도산면,통영시,통영시 도산면,1,16,355.4,31.0,203.6,4,12,05,2,30,02,02
391,정량동,통영시,통영시 정량동,1,14,120.2,32.4,170.1,4,07,01,1,10,02,01
392,북신동,통영시,통영시 북신동,1,14,96.7,21.5,322.5,4,07,01,1,10,03,01
393,용남면,통영시,통영시 용남면,1,14,129.7,15.6,22.6,4,07,01,1,10,02,01
394,명정동,통영시,통영시 명정동,1,14,122.8,25.5,25.3,4,07,01,1,10,02,01
395,도천동,통영시,통영시 도천동,1,14,122.8,25.5,25.3,4,07,01,1,10,02,01
396,한산면,통영시,통영시 한산면,1,14,153.1,29.8,359.2,4,12,05,2,20,02,02
397,대병면,합천군,합천군 대병면,3,31,519.1,51.9,285.6,3,12,06,3,30,09,02
398,초계면,합천군,합천군 초계면,2,24,424.7,27.8,205.6,3,12,01,1,20,02,01
399,삼가면,합천군,합천군 삼가면,2,22,151.5,25.2,122.1,3,07,05,2,30,02,02
400,가회면,합천군,합천군 가회면,1,11,442.8,11.4,107.1,2,12,05,2,30,02,02
401,산청읍,산청군,산청군 산청읍,1,11,304.5,23.4,135.0,2,12,05,2,20,02,02
402,차황면,산청군,산청군 차황면,1,11,304.5,23.4,135.0,2,12,05,2,20,02,02
403,신등면,산청군,산청군 신등면,1,11,304.5,23.4,135.0,2,12,05,2,20,02,02
404,신안면,산청군,산청군 신안면,1,11,561.5,17.4,183.7,2,12,05,2,30,02,02
405,영오면,고성군,고성군 영오면,2,22,318.9,30.3,33.6,4,12,01,1,10,02,01
406,가례면,의령군,의령군 가례면,2,26,311.1,23.3,104.7,3,12,05,2,30,03,14
407,궁류면,의령군,의령군 궁류면,2,26,311.1,23.3,104.7,3,12,05,2,30,03,14
408,유곡면,의령군,의령군 유곡면,2,22,438.6,33.1,1.4,3,12,05,2,30,03,14
409,대의면,의령군,의령군 대의면,2,24,336.9,29.2,137.7,3,12,05,2,20,04,14
410,쌍백면,합천군,합천군 쌍백면,2,24,310.3,27.0,130.9,3,12,05,2,30,03,14
411,의령읍,의령군,의령군 의령읍,2,24,410.9,34.6,340.3,3,07,05,3,20,03,14
412,화정면,의령군,의령군 화정면,2,24,410.9,34.6,340.3,3,07,05,3,20,03,14
413,칠곡면,의령군,의령군 칠곡면,2,24,384.6,36.4,46.0,3,12,05,2,20,04,14
414,봉수면,의령군,의령군 봉수면,2,24,252.0,35.0,237.2,3,07,05,2,30,03,16
415,내동면,진주시,진주시 내동면,2,22,87.2,18.7,245.2,4,07,01,1,10,02,26
416,곤명면,사천시,사천시 곤명면,2,22,87.2,18.7,245.2,4,07,01,1,10,02,26
417,사천읍,사천시,사천시 사천읍,2,22,34.3,5.3,344.1,4,07,01,1,10,02,01
418,축동면,사천시,사천시 축동면,2,22,34.3,5.3,344.1,4,07,01,1,10,02,01
419,집현면,진주시,진주시 집현면,2,22,371.4,24.4,98.2,3,07,05,3,20,03,02
420,미천면,진주시,진주시 미천면,2,22,371.4,24.4,98.2,3,07,05,3,20,03,02
421,명석면,진주시,진주시 명석면,2,22,371.4,24.4,98.2,3,07,05,3,20,03,02
422,생비량면,산청군,산청군 생비량면,2,22,371.4,24.4,98.2,3,07,05,3,20,03,02
423,대평면,진주시,진주시 대평면,2,22,164.7,23.4,108.0,4,07,01,1,10,02,26
424,수곡면,진주시,진주시 수곡면,2,22,164.7,23.4,108.0,4,07,01,1,10,02,26
425,초장동,진주시,진주시 초장동,2,22,131.9,22.3,300.1,4,07,01,1,10,02,01
426,중앙동,진주시,진주시 중앙동,2,22,65.9,11.4,195.7,4,07,01,1,10,02,01
427,상대동,진주시,진주시 상대동,2,22,65.9,11.4,195.7,4,07,01,1,10,02,01
428,하대동,진주시,진주시 하대동,2,22,65.9,11.4,195.7,4,07,01,1,10,02,01
429,상봉동,진주시,진주시 상봉동,2,22,116.7,28.7,179.0,4,07,01,1,10,02,01
430,성북동,진주시,진주시 성북동,2,22,32.4,38.9,128.8,4,07,05,2,20,02,02
431,대곡면,진주시,진주시 대곡면,2,26,76.9,31.8,1.2,4,07,05,3,20,03,14
432,금산면,진주시,진주시 금산면,2,24,92.7,24.5,60.3,4,07,05,2,20,02,02
433,평거동,진주시,진주시 평거동,2,22,100.6,17.4,156.6,4,07,01,1,10,02,01
434,진성면,진주시,진주시 진성면,2,24,134.6,14.6,189.2,4,07,05,2,20,03,14
435,지수면,진주시,진주시 지수면,2,24,83.2,14.1,186.5,4,07,01,1,10,03,26
436,이현동,진주시,진주시 이현동,2,22,93.3,22.4,240.5,4,07,01,1,10,02,01
437,가호동,진주시,진주시 가호동,2,22,80.3,26.2,266.8,4,07,01,1,10,02,01
438,천전동,진주시,진주시 천전동,2,22,80.3,26.2,266.8,4,07,01,1,10,02,01
439,문산읍,진주시,진주시 문산읍,2,26,203.7,23.7,330.8,4,07,05,2,20,03,14
440,판문동,진주시,진주시 판문동,2,22,142.1,28.9,111.9,4,07,01,1,10,02,01
441,정촌면,진주시,진주시 정촌면,2,26,147.1,10.8,273.2,4,12,01,1,20,03,26
442,금곡면,진주시,진주시 금곡면,2,22,227.9,29.3,308.4,4,12,05,2,20,02,14
443,대양면,합천군,합천군 대양면,2,22,478.3,34.7,340.2,3,12,05,2,20,03,16
444,회화면,고성군,고성군 회화면,2,24,145.0,0.0,-1.0,4,07,01,1,20,03,01
445,구만면,고성군,고성군 구만면,2,22,179.7,26.1,207.3,4,07,01,1,10,02,01
446,개천면,고성군,고성군 개천면,1,16,307.2,14.0,352.9,4,12,03,2,30,02,02
447,남지읍,창녕군,창녕군 남지읍,2,24,168.8,19.8,6.8,3,07,01,1,10,02,13
448,영산면,창녕군,창녕군 영산면,2,24,58.5,14.0,110.3,3,07,01,1,10,02,01
449,도천면,창녕군,창녕군 도천면,2,24,58.5,14.0,110.3,3,07,01,1,10,02,01
450,계성면,창녕군,창녕군 계성면,2,22,277.2,33.0,243.1,3,12,01,1,20,02,01
451,창녕읍,창녕군,창녕군 창녕읍,2,22,195.7,26.9,327.4,3,12,06,3,20,02,02
452,장마면,창녕군,창녕군 장마면,2,22,195.7,26.9,327.4,3,12,06,3,20,02,02
453,낙서면,의령군,의령군 낙서면,2,24,218.5,29.5,85.5,3,07,01,1,10,02,13
454,부림면,의령군,의령군 부림면,2,26,99.5,22.8,121.8,3,12,01,1,10,02,01
455,지정면,의령군,의령군 지정면,2,24,228.0,18.5,35.8,3,07,01,1,10,03,13
456,여항면,함안군,함안군 여항면,2,22,321.1,33.4,147.6,4,12,05,2,20,03,02
457,법수면,함안군,함안군 법수면,2,24,49.2,15.9,103.4,3,07,01,1,20,02,13
458,군북면,함안군,함안군 군북면,2,24,30.3,23.2,250.2,3,07,01,1,10,03,13
459,대산면,함안군,함안군 대산면,2,24,128.6,10.9,195.1,4,07,01,1,10,02,01
460,가야읍,함안군,함안군 가야읍,1,11,103.5,20.4,212.6,4,12,01,1,10,02,01
461,칠북면,함안군,함안군 칠북면,2,22,182.8,30.5,193.0,4,07,01,1,10,02,01
462,함안면,함안군,함안군 함안면,1,11,166.2,28.1,264.8,4,12,01,1,20,02,01
463,칠서면,함안군,함안군 칠서면,2,24,165.0,15.9,62.3,4,07,01,1,10,01,01
464,칠원읍,함안군,함안군 칠원읍,2,22,186.3,31.8,221.8,4,12,01,1,10,02,01
465,용덕면,의령군,의령군 용덕면,2,24,381.8,19.0,337.5,3,12,05,2,20,02,14
466,정곡면,의령군,의령군 정곡면,2,24,277.0,14.8,242.8,3,07,01,1,10,02,13
467,사봉면,진주시,진주시 사봉면,2,24,86.8,26.6,226.1,4,07,01,1,10,03,13
468,이반성면,진주시,진주시 이반성면,2,22,272.4,36.2,256.7,4,07,01,1,20,02,01
469,일반성면,진주시,진주시 일반성면,2,22,75.5,19.5,180.4,4,07,01,1,10,03,15
470,오동동,창원시 마산합포구,창원시 마산합포구 오동동,1,11,130.0,3.3,258.6,4,07,01,1,10,02,05
471,구산면,창원시 마산합포구,창원시 마산합포구 구산면,1,14,174.9,27.0,305.6,4,12,05,2,30,03,02
472,반월중앙동,창원시 마산합포구,창원시 마산합포구 반월중앙동,1,11,228.9,15.4,73.8,4,12,01,1,10,02,01
473,월영동,창원시 마산합포구,창원시 마산합포구 월영동,1,11,224.4,22.4,239.6,4,07,01,1,10,03,01
474,문화동,창원시 마산합포구,창원시 마산합포구 문화동,1,11,359.8,27.6,105.2,4,12,01,1,20,02,01
475,진동면,창원시 마산합포구,창원시 마산합포구 진동면,2,26,358.0,19.2,280.5,4,12,01,1,10,03,01
476,합포동,창원시 마산합포구,창원시 마산합포구 합포동,1,14,58.6,26.2,78.7,4,07,01,1,10,02,26
477,산호동,창원시 마산합포구,창원시 마산합포구 산호동,1,14,58.6,26.2,78.7,4,07,01,1,10,02,26
478,진북면,창원시 마산합포구,창원시 마산합포구 진북면,2,22,220.6,16.8,97.4,4,12,06,3,20,03,02
479,현동,창원시 마산합포구,창원시 마산합포구 현동,1,14,300.0,0.9,357.1,4,12,01,1,10,02,01
480,가포동,창원시 마산합포구,창원시 마산합포구 가포동,1,14,300.0,0.9,357.1,4,12,01,1,10,02,01
481,완월동,창원시 마산합포구,창원시 마산합포구 완월동,1,11,261.6,28.8,53.0,4,12,06,3,30,03,02
482,교방동,창원시 마산합포구,창원시 마산합포구 교방동,1,11,261.6,28.8,53.0,4,12,06,3,30,03,02
483,자산동,창원시 마산합포구,창원시 마산합포구 자산동,1,11,155.5,28.2,115.0,4,12,01,1,10,01,01
484,내서읍,창원시 마산회원구,창원시 마산회원구 내서읍,2,22,172.5,23.9,109.7,4,12,06,3,30,03,02
485,산인면,함안군,함안군 산인면,2,24,179.6,18.3,282.9,4,12,05,2,20,03,02
486,석전동,창원시 마산회원구,창원시 마산회원구 석전동,1,14,80.0,3.9,218.0,4,07,01,1,10,03,01
487,회원1동,창원시 마산회원구,창원시 마산회원구 회원1동,1,14,49.8,41.0,215.4,4,07,01,1,10,02,01
488,회성동,창원시 마산회원구,창원시 마산회원구 회성동,2,24,106.8,10.4,356.8,4,07,01,1,10,02,01
489,합성1동,창원시 마산회원구,창원시 마산회원구 합성1동,2,22,424.2,42.2,93.6,4,12,01,1,10,03,01
490,회원2동,창원시 마산회원구,창원시 마산회원구 회원2동,2,24,161.3,30.2,336.2,4,12,05,2,30,03,02
491,구암1동,창원시 마산회원구,창원시 마산회원구 구암1동,2,22,111.1,7.1,122.4,4,12,01,1,20,03,01
492,진전면,창원시 마산합포구,창원시 마산합포구 진전면,2,22,159.0,30.1,192.2,4,07,01,1,20,02,01
493,길곡면,창녕군,창녕군 길곡면,2,24,149.0,25.0,128.0,3,07,01,1,20,02,01
494,소주동,양산시,양산시 소주동,1,14,404.8,31.1,165.6,3,12,01,1,10,01,01
495,평산동,양산시,양산시 평산동,1,14,404.8,31.1,165.6,3,12,01,1,10,01,01
496,상북면,양산시,양산시 상북면,1,12,724.4,18.3,327.4,3,12,03,2,20,02,02
497,하북면,양산시,양산시 하북면,1,12,408.4,29.5,307.5,3,12,01,1,10,01,01
498,일운면,거제시,거제시 일운면,1,11,136.3,30.5,59.8,4,12,06,3,30,03,02
499,수양동,거제시,거제시 수양동,2,24,220.8,28.2,341.9,4,12,06,3,30,03,02
500,남부면,거제시,거제시 남부면,1,11,196.9,16.6,224.1,4,12,06,3,30,03,02
501,고현동,거제시,거제시 고현동,1,14,465.9,30.0,359.6,4,12,06,3,30,03,02
502,옥포1동,거제시,거제시 옥포1동,1,14,124.6,36.7,274.3,4,12,06,3,20,03,02
503,연초면,거제시,거제시 연초면,2,24,78.4,19.3,306.3,4,12,06,3,20,02,02
504,덕계동,양산시,양산시 덕계동,1,12,268.2,26.9,101.5,4,12,01,1,10,02,01
505,장목면,거제시,거제시 장목면,2,24,356.2,15.8,320.3,4,12,01,1,20,02,01
506,옥포2동,거제시,거제시 옥포2동,2,24,356.2,15.8,320.3,4,12,01,1,20,02,01
507,물금읍,양산시,양산시 물금읍,2,25,454.2,34.9,280.0,4,12,01,1,10,02,01
508,원동면,양산시,양산시 원동면,2,25,239.5,32.4,117.4,4,12,01,1,10,02,01
509,삼성동,양산시,양산시 삼성동,1,11,489.3,31.0,291.7,3,12,01,1,10,02,01
510,중앙동,양산시,양산시 중앙동,1,14,168.1,21.1,246.3,3,12,01,1,10,02,01
511,강서동,양산시,양산시 강서동,1,12,524.8,33.3,72.6,3,12,01,1,10,02,01
512,상문동,거제시,거제시 상문동,2,24,113.5,24.7,150.6,4,12,06,3,30,03,02
513,동부면,거제시,거제시 동부면,2,24,70.8,21.2,42.7,4,12,06,3,30,03,02
514,동면,양산시,양산시 동면,1,11,238.3,8.7,236.9,4,12,01,1,10,01,01
515,서창동,양산시,양산시 서창동,1,12,185.5,27.2,277.8,4,12,01,1,10,01,01
516,내일동,밀양시,밀양시 내일동,2,25,148.3,29.5,13.8,3,12,01,1,10,01,15
517,능포동,거제시,거제시 능포동,1,11,201.6,25.7,239.3,4,07,01,1,10,03,05
518,아주동,거제시,거제시 아주동,2,24,309.1,28.6,1.0,4,12,06,3,30,03,02
519,대동면,김해시,김해시 대동면,1,14,171.5,30.8,214.5,4,12,01,1,10,03,01
520,동상동,김해시,김해시 동상동,1,11,214.7,14.3,69.6,4,12,01,1,10,02,26
521,하남읍,밀양시,밀양시 하남읍,2,25,156.7,29.4,28.5,3,07,01,1,10,02,01
522,내외동,김해시,김해시 내외동,1,11,223.4,32.8,83.3,4,07,01,1,10,02,01
523,주촌면,김해시,김해시 주촌면,1,14,284.7,17.4,143.3,4,07,05,2,20,03,02
524,내이동,밀양시,밀양시 내이동,2,25,66.3,16.8,248.1,3,07,01,1,10,02,01
525,장승포동,거제시,거제시 장승포동,1,11,170.1,5.8,3.7,4,07,01,1,10,03,05
526,초동면,밀양시,밀양시 초동면,1,14,392.0,32.3,250.3,3,12,01,1,10,02,01
527,삼안동,김해시,김해시 삼안동,1,11,300.6,22.6,94.9,4,12,01,1,10,01,01
528,장유3동,김해시,김해시 장유3동,1,14,256.4,14.9,332.3,4,12,06,3,30,03,03
529,부곡면,창녕군,창녕군 부곡면,1,14,392.5,32.0,9.3,3,12,05,2,20,02,02
530,가곡동,밀양시,밀양시 가곡동,2,25,171.5,25.4,258.3,3,12,01,1,10,02,13
531,삼문동,밀양시,밀양시 삼문동,2,25,12.5,4.2,52.4,3,10,05,2,20,02,16
532,사파동,창원시 성산구,창원시 성산구 사파동,1,14,232.9,29.9,124.6,4,12,05,2,30,03,02
533,불암동,김해시,김해시 불암동,1,11,118.4,37.2,53.8,4,12,06,3,20,02,02
534,부원동,김해시,김해시 부원동,1,11,90.5,32.0,94.6,4,07,01,1,10,03,01
535,활천동,김해시,김해시 활천동,1,11,311.4,45.8,228.1,4,12,01,1,10,01,01
536,회현동,김해시,김해시 회현동,1,11,39.6,32.1,313.0,4,07,01,1,10,03,01
537,진례면,김해시,김해시 진례면,2,22,197.0,14.3,31.1,4,12,06,3,30,03,02
538,진영읍,김해시,김해시 진영읍,1,11,72.7,16.1,121.4,4,12,01,1,10,02,01
539,칠산서부동,김해시,김해시 칠산서부동,1,14,57.9,19.8,245.5,4,07,01,1,20,03,01
540,북부동,김해시,김해시 북부동,1,14,179.9,27.1,244.9,4,07,01,1,10,03,01
541,장유1동,김해시,김해시 장유1동,1,12,224.9,10.9,193.1,4,07,01,1,10,03,05
542,장유2동,김해시,김해시 장유2동,1,11,366.4,18.0,20.4,4,12,06,3,30,02,02
543,상동면,김해시,김해시 상동면,1,11,173.2,27.1,291.6,4,12,01,1,10,02,01
544,한림면,김해시,김해시 한림면,2,25,163.2,27.3,169.8,4,12,01,1,10,02,01
545,생림면,김해시,김해시 생림면,2,25,163.2,27.3,169.8,4,12,01,1,10,02,01
546,구암2동,창원시 마산회원구,창원시 마산회원구 구암2동,1,14,74.0,20.8,301.0,4,12,01,1,10,03,26
547,양덕1동,창원시 마산회원구,창원시 마산회원구 양덕1동,2,25,57.1,28.5,140.4,4,12,01,1,10,02,01
548,양덕2동,창원시 마산회원구,창원시 마산회원구 양덕2동,2,25,57.1,28.5,140.4,4,12,01,1,10,02,01
549,합성2동,창원시 마산회원구,창원시 마산회원구 합성2동,2,25,82.2,17.6,226.5,4,12,05,2,20,02,02
550,풍호동,창원시 진해구,창원시 진해구 풍호동,1,14,41.6,26.0,69.8,4,07,05,2,30,03,02
551,웅동2동,창원시 진해구,창원시 진해구 웅동2동,1,14,171.8,20.4,260.4,4,12,06,3,20,03,06
552,웅천동,창원시 진해구,창원시 진해구 웅천동,1,16,196.4,19.9,107.1,4,12,05,2,30,02,02
553,충무동,창원시 진해구,창원시 진해구 충무동,1,14,35.1,16.9,134.4,4,12,06,3,30,03,02
554,자은동,창원시 진해구,창원시 진해구 자은동,1,14,371.1,24.8,309.6,4,12,01,1,20,02,01
555,덕산동,창원시 진해구,창원시 진해구 덕산동,1,14,371.1,24.8,309.6,4,12,01,1,20,02,01
556,태백동,창원시 진해구,창원시 진해구 태백동,1,11,3.9,0.5,148.8,4,10,05,2,10,01,27
557,경화동,창원시 진해구,창원시 진해구 경화동,1,11,3.9,0.5,148.8,4,10,05,2,10,01,27
558,병암동,창원시 진해구,창원시 진해구 병암동,1,11,3.9,0.5,148.8,4,10,05,2,10,01,27
559,이동,창원시 진해구,창원시 진해구 이동,1,11,3.9,0.5,148.8,4,10,05,2,10,01,27
560,석동,창원시 진해구,창원시 진해구 석동,1,14,175.5,18.0,172.3,4,12,05,2,20,03,02
561,웅동1동,창원시 진해구,창원시 진해구 웅동1동,1,16,80.7,7.2,196.0,4,12,06,3,30,03,03
562,용지동,창원시 의창구,창원시 의창구 용지동,1,11,39.4,20.4,17.6,4,07,05,2,30,02,02
563,동읍,창원시 의창구,창원시 의창구 동읍,1,11,19.0,0.7,160.6,4,07,05,2,10,01,26
564,팔룡동,창원시 의창구,창원시 의창구 팔룡동,1,14,77.4,15.9,320.6,4,12,05,2,20,03,02
565,봉암동,창원시 마산회원구,창원시 마산회원구 봉암동,1,14,77.4,15.9,320.6,4,12,05,2,20,03,02
566,반송동,창원시 성산구,창원시 성산구 반송동,1,11,118.7,15.4,144.6,4,07,01,1,10,02,05
567,봉림동,창원시 의창구,창원시 의창구 봉림동,2,22,327.6,32.9,233.7,4,12,01,1,10,02,01
568,중앙동,창원시 성산구,창원시 성산구 중앙동,1,11,42.0,7.0,178.3,4,07,01,2,10,03,26
569,의창동,창원시 의창구,창원시 의창구 의창동,2,23,20.0,0.0,-1.0,4,07,05,2,10,01,26
570,명곡동,창원시 의창구,창원시 의창구 명곡동,2,23,20.0,0.0,-1.0,4,07,05,2,10,01,26
571,성주동,창원시 성산구,창원시 성산구 성주동,1,14,559.4,31.2,303.8,4,12,06,3,30,03,02
572,웅남동,창원시 성산구,창원시 성산구 웅남동,1,14,90.2,17.3,272.9,4,12,06,3,30,02,02
573,상남동,창원시 성산구,창원시 성산구 상남동,1,11,52.9,6.9,239.7,4,07,01,1,10,01,26
574,가음정동,창원시 성산구,창원시 성산구 가음정동,1,11,52.9,6.9,239.7,4,07,01,1,10,01,26
575,대산면,창원시 의창구,창원시 의창구 대산면,2,25,50.7,26.4,217.5,4,07,01,1,10,03,15
576,북면,창원시 의창구,창원시 의창구 북면,1,14,167.6,23.4,175.7,4,12,01,1,10,02,01
577,여좌동,창원시 진해구,창원시 진해구 여좌동,1,11,122.7,10.1,7.0,4,12,06,3,30,02,02
578,하청면,거제시,거제시 하청면,2,24,125.2,21.2,347.0,4,12,06,3,20,03,02
579,상남면,밀양시,밀양시 상남면,2,25,89.7,30.7,237.3,3,07,01,1,10,02,15
580,삼랑진읍,밀양시,밀양시 삼랑진읍,2,25,207.7,25.6,215.7,3,12,03,2,20,01,16
581,덕곡면,합천군,합천군 덕곡면,2,24,319.0,17.8,111.5,3,12,01,1,20,02,01
582,쌍책면,합천군,합천군 쌍책면,2,24,185.0,0.0,-1.0,3,12,01,1,10,02,01
583,묘산면,합천군,합천군 묘산면,2,26,676.9,32.6,43.4,2,12,06,3,30,03,02
584,합천읍,합천군,합천군 합천읍,1,11,343.3,19.3,288.7,3,12,05,2,20,01,02
585,율곡면,합천군,합천군 율곡면,2,22,129.6,19.7,327.5,3,12,01,1,20,02,01
586,야로면,합천군,합천군 야로면,1,11,268.0,16.0,159.3,3,12,01,1,10,01,01
587,가야면,합천군,합천군 가야면,2,26,407.7,18.0,70.6,2,12,05,2,30,01,02
588,봉산면,합천군,합천군 봉산면,1,11,411.8,21.0,200.4,3,12,06,3,30,02,02
589,청덕면,합천군,합천군 청덕면,2,24,178.4,37.4,293.5,3,12,01,1,20,02,01
590,적중면,합천군,합천군 적중면,2,24,262.2,29.7,321.9,3,12,01,1,20,02,01
591,용주면,합천군,합천군 용주면,1,11,280.9,49.4,6.1,3,12,05,2,20,01,02
592,남하면,거창군,거창군 남하면,1,11,476.6,34.9,127.3,1,12,01,1,10,01,01
593,웅양면,거창군,거창군 웅양면,3,31,873.8,17.8,141.2,1,12,01,1,20,02,01
594,가조면,거창군,거창군 가조면,1,11,429.3,34.6,215.8,1,12,06,3,20,01,02
595,가북면,거창군,거창군 가북면,1,11,429.3,34.6,215.8,1,12,06,3,20,01,02
596,남상면,거창군,거창군 남상면,3,31,426.4,31.4,284.2,3,12,06,3,30,01,02
597,신원면,거창군,거창군 신원면,3,31,426.4,31.4,284.2,3,12,06,3,30,01,02
598,유어면,창녕군,창녕군 유어면,2,24,37.6,20.8,265.7,3,07,01,1,10,03,13
599,대지면,창녕군,창녕군 대지면,2,24,63.7,24.9,94.9,3,07,01,1,10,02,01
600,대합면,창녕군,창녕군 대합면,1,14,274.7,30.0,153.9,3,07,01,1,10,02,01
601,고암면,창녕군,창녕군 고암면,1,14,269.4,32.7,137.7,3,12,01,1,20,01,01
602,단장면,밀양시,밀양시 단장면,2,25,782.0,26.4,241.8,3,12,01,1,20,03,01
603,상동면,밀양시,밀양시 상동면,1,16,355.5,29.0,228.5,3,12,01,1,10,01,01
604,산외면,밀양시,밀양시 산외면,1,16,355.5,29.0,228.5,3,12,01,1,10,01,01
605,산내면,밀양시,밀양시 산내면,1,14,643.5,29.8,287.2,3,12,01,1,30,03,02
606,무안면,밀양시,밀양시 무안면,1,14,152.8,19.6,203.6,3,12,01,1,10,02,01
607,청도면,밀양시,밀양시 청도면,1,14,152.8,19.6,203.6,3,12,01,1,10,02,01
608,부북면,밀양시,밀양시 부북면,2,25,388.7,21.6,8.9,3,12,01,1,10,02,01
609,교동,밀양시,밀양시 교동,2,25,222.6,16.8,101.5,3,12,01,1,10,02,13
610,성산면,창녕군,창녕군 성산면,1,14,253.9,9.9,257.0,3,07,01,1,10,03,01
611,이방면,창녕군,창녕군 이방면,2,24,107.5,10.5,30.8,3,07,01,1,10,02,01
612,구룡포읍,포항시 남구,포항시 남구 구룡포읍,0,0,0.0,0.0,0.0,0,0,0,0,0,0,0
613,장기면,포항시 남구,포항시 남구 장기면,0,0,0.0,0.0,0.0,0,0,0,0,0,0,0
614,호미곶면,포항시 남구,포항시 남구 호미곶면,0,0,0.0,0.0,0.0,0,0,0,0,0,0,0
615,청림동,포항시 남구,포항시 남구 청림동,0,0,0.0,0.0,0.0,0,0,0,0,0,0,0
616,제철동,포항시 남구,포항시 남구 제철동,0,0,0.0,0.0,0.0,0,0,0,0,0,0,0
617,상대동,포항시 남구,포항시 남구 상대동,0,0,0.0,0.0,0.0,0,0,0,0,0,0,0
618,해도동,포항시 남구,포항시 남구 해도동,0,0,0.0,0.0,0.0,0,0,0,0,0,0,0
619,죽도동,포항시 북구,포항시 북구 죽도동,0,0,0.0,0.0,0.0,0,0,0,0,0,0,0
620,감포읍,경주시,경주시 감포읍,0,0,0.0,0.0,0.0,0,0,0,0,0,0,0
621,중부동,경주시,경주시 중부동,0,0,0.0,0.0,0.0,0,0,0,0,0,0,0
622,황오동,경주시,경주시 황오동,0,0,0.0,0.0,0.0,0,0,0,0,0,0,0
623,원평2동,구미시,구미시 원평2동,0,0,0.0,0.0,0.0,0,0,0,0,0,0,0
624,공단2동,구미시,구미시 공단2동,0,0,0.0,0.0,0.0,0,0,0,0,0,0,0
625,하양읍,경산시,경산시 하양읍,0,0,0.0,0.0,0.0,0,0,0,0,0,0,0
626,와촌면,경산시,경산시 와촌면,0,0,0.0,0.0,0.0,0,0,0,0,0,0,0
627,중방동,경산시,경산시 중방동,0,0,0.0,0.0,0.0,0,0,0,0,0,0,0
628,울릉읍,울릉군,울릉군 울릉읍,0,0,0.0,0.0,0.0,0,0,0,0,0,0,0
629,서면,울릉군,울릉군 서면,0,0,0.0,0.0,0.0,0,0,0,0,0,0,0
630,북면,울릉군,울릉군 북면,0,0,0.0,0.0,0.0,0,0,0,0,0,0,0
631,상평동,진주시,진주시 상평동,0,0,0.0,0.0,0.0,0,0,0,0,0,0,0
632,신안동,진주시,진주시 신안동,0,0,0.0,0.0,0.0,0,0,0,0,0,0,0
633,충무공동,진주시,진주시 충무공동,0,0,0.0,0.0,0.0,0,0,0,0,0,0,0
634,욕지면,통영시,통영시 욕지면,0,0,0.0,0.0,0.0,0,0,0,0,0,0,0
635,사량면,통영시,통영시 사량면,0,0,0.0,0.0,0.0,0,0,0,0,0,0,0
636,양주동,양산시,양산시 양주동,0,0,0.0,0.0,0.0,0,0,0,0,0,0,0
