stnId,stnNm,tm,avgTa,minTa,minTaHrmt,maxTa,maxTaHrmt,mi10MaxRn,mi10MaxRnHrmt,hr1MaxRn,hr1MaxRnHrmt,sumRnDur,sumRn,maxInsWs,maxInsWsWd,maxInsWsHrmt,maxWs,maxWsWd,maxWsHrmt,avgWs,hr24SumRws,maxWd,avgTd,minRhm,minRhmHrmt,avgRhm,avgPv,avgPa,maxPs,maxPsHrmt,minPs,minPsHrmt,avgPs,ssDur,sumSsHr,hr1MaxIcsrHrmt,hr1MaxIcsr,sumGsr,ddMefs,ddMefsHrmt,ddMes,ddMesHrmt,sumDpthFhsc,avgTca,avgLmac,avgTs,minTg,avgCm5Te,avgCm10Te,avgCm20Te,avgCm30Te,avgM05Te,avgM10Te,avgM15Te,avgM30Te,avgM50Te,sumLrgEv,sumSmlEv,n99Rn,iscs,sumFogDur
264,함양군,2017-01-01,2.1,-4.3,735,12.6,1456,,,,,,,5.9,230,1352,3.1,250,1405,0.4,377,230,-1.9,41,1454,77.8,5.3,1009.4,1032.0,906,1025.7,1640,1028.4,9.8,6.6,1200,1.97,9.83,,,,,,,,1.2,-6.8,1.1,0.5,0.3,2.8,,,,,,1.2,1.7,,,
264,함양군,2017-01-02,5.6,-2.4,121,11.4,1053,,,,,,,9.1,250,1251,4.1,250,1234,1.7,1433,230,1.7,55,1050,77.3,7.0,1004.2,1026.0,1,1020.7,1349,1022.9,9.8,2.7,1000,1.35,6.05,,,,,,,,2.1,-4.6,2.5,2.1,2.4,3.1,,,,,,1.2,1.8,,,
264,함양군,2017-01-03,4.6,-1.9,2349,11.5,1352,,,,,,,7.9,200,501,4.2,230,433,1.9,1669,250,-4.2,24,1205,56.3,4.5,1004.8,1025.0,954,1021.7,1532,1023.5,9.8,8.3,1200,2.03,11.62,,,,,,,,2.5,-4.4,3.6,3.2,3.2,4.0,,,,,,1.9,2.7,,,
264,함양군,2017-01-04,2.6,-2.9,121,12.5,1535,,,,,,,5.7,230,1310,3.8,230,1315,0.7,643,70,-1.9,41,1540,74.1,5.4,1004.9,1025.6,2333,1021.0,1553,1023.8,9.8,4.6,1300,1.33,7.82,,,,,,,,1.7,-5.2,2.6,2.1,1.9,3.9,,,,,,1.1,1.6,,,
264,함양군,2017-01-05,3.9,-3.1,157,10.0,1347,,,,,,,4.9,50,1901,2.8,70,1921,0.7,567,50,-0.3,49,1225,76.1,6.1,1008.3,1029.2,2234,1025.4,1431,1027.1,9.8,1.1,1100,1.18,5.29,,,,,,,,2.1,-5.3,2.7,2.3,2.5,3.7,,,,,,0.8,1.1,,,
264,함양군,2017-01-06,4.7,-1.7,2345,11.7,1449,,,,,,0.0,5.1,340,1324,2.5,50,1346,0.5,425,50,0.1,44,1449,73.9,6.2,1008.2,1029.3,918,1024.4,1607,1027.0,9.9,7.2,1300,1.88,10.0,,,,,,,,4.6,-4.7,4.8,4.6,4.7,4.5,,,,,,1.2,1.7,,,
264,함양군,2017-01-07,2.8,-4.0,631,9.2,1548,,,,,,0.0,2.2,70,2116,1.4,70,2133,0.2,186,70,-0.9,54,1419,77.8,5.8,1003.1,1026.2,228,1018.5,1612,1021.9,9.9,2.6,1100,1.1,6.0,,,,,,,,1.9,-6.2,3.2,2.7,2.5,4.5,,,,,,0.6,0.9,,,
264,함양군,2017-01-08,7.5,3.7,726,14.7,1446,,,,,,1.0,9.1,250,2308,5.4,250,2311,0.7,582,230,3.7,45,1441,78.8,8.0,995.4,1018.7,1,1010.5,1644,1013.8,9.9,3.1,1300,1.88,7.35,,,,,,,,6.4,2.6,5.3,5.3,6.0,4.9,,,,,,1.3,1.8,,,
264,함양군,2017-01-09,4.9,1.0,2328,8.4,1426,,,,,,0.0,10.3,270,1440,6.4,230,2011,3.7,3213,250,-1.0,45,1510,66.6,5.7,998.1,1020.7,2342,1012.7,125,1016.7,9.9,5.2,1200,1.85,7.97,,,,,,,,4.1,-0.9,5.6,5.2,5.1,5.7,,,,,,1.5,2.2,,,
264,함양군,2017-01-10,1.7,-1.4,2359,6.4,1402,,,,,,,10.9,230,1428,6.9,250,1432,3.3,2885,250,-6.0,33,1314,57.3,3.9,1003.8,1025.6,2355,1020.3,1356,1022.8,9.9,7.3,1200,2.04,10.64,,,,,,,,1.2,-2.7,3.2,2.6,2.2,4.9,,,,,,1.8,2.6,,,
264,함양군,2017-01-11,-0.6,-4.9,729,3.9,1348,,,,,,,9.2,250,1501,4.9,270,1440,3.2,2757,250,-10.0,23,1031,50.3,3.0,1006.0,1028.3,746,1023.0,1420,1025.2,9.9,7.6,1200,2.06,11.51,,,,,,,,-1.7,-6.3,1.7,1.0,0.4,3.9,,,,,,1.7,2.4,,,
264,함양군,2017-01-12,2.6,-2.4,135,5.7,1406,,,,,,0.0,11.6,270,1236,6.4,250,1504,3.5,3041,270,-3.7,53,1736,63.1,4.7,999.1,1023.5,1,1014.5,1605,1017.9,10.0,4.9,1300,1.69,8.1,,,,,,,,0.5,-5.2,1.6,1.0,0.7,3.3,,,,,,1.4,1.9,,,
264,함양군,2017-01-13,-0.9,-4.0,816,3.8,1343,,,,,,0.5,10.4,290,1206,6.2,250,1634,3.1,2642,250,-7.4,47,422,61.9,3.6,997.8,1020.2,2354,1012.7,1350,1016.8,10.0,3.3,1000,1.39,6.8,,,,,,,,-2.0,-5.7,1.3,0.7,0.2,3.1,,,,,,1.1,1.5,,,
264,함양군,2017-01-14,-3.9,-6.9,2338,-0.5,1427,,,,,,,12.0,250,1952,6.5,250,1300,3.8,3318,270,-13.4,25,1633,49.1,2.3,1004.4,1027.9,2348,1020.1,13,1023.8,10.0,8.4,1200,2.17,12.91,,,,,,,,-2.7,-8.9,0.7,0.1,-0.5,2.6,,,,,,1.6,2.3,,,
264,함양군,2017-01-15,-3.3,-9.8,553,3.3,1417,,,,,,,9.4,250,248,5.8,250,1749,3.2,2794,250,-15.2,21,1049,41.8,1.9,1007.5,1029.4,538,1024.0,1421,1026.9,10.0,8.4,1200,2.24,13.27,,,,,,,,-2.9,-12.3,0.2,-0.5,-1.4,2.2,,,,,,2.0,2.9,,,
264,함양군,2017-01-16,-2.3,-8.7,822,7.6,1452,,,,,,,6.2,250,228,4.3,250,215,1.2,1020,70,-13.2,11,1431,51.8,2.3,1009.1,1031.8,2337,1025.7,1430,1028.4,10.0,8.5,1200,2.19,13.1,,,,,,,,-1.9,-11.5,0.0,-0.7,-1.4,1.9,,,,,,1.9,2.6,,,
264,함양군,2017-01-17,-2.6,-10.0,521,7.6,1427,,,,,,,6.1,270,1537,4.1,250,1601,0.4,372,50,-10.0,19,1345,61.4,2.9,1012.2,1033.9,942,1029.0,1452,1031.7,10.1,5.5,1100,1.63,8.78,,,,,,,,-2.1,-11.8,0.0,-0.7,-1.4,1.7,,,,,,1.0,1.4,,,
264,함양군,2017-01-18,-0.4,-6.9,646,9.2,1415,,,,,,,5.0,250,1542,2.9,250,1546,0.4,388,250,-6.8,32,1413,65.4,3.7,1010.5,1032.9,656,1026.4,1441,1029.8,10.1,5.3,1200,1.78,9.07,,,,,,,,-1.0,-9.0,0.0,-0.5,-0.7,1.6,,,,,,1.0,1.5,,,
264,함양군,2017-01-19,0.1,-7.9,619,10.8,1521,,,,,,,6.2,230,2035,3.9,230,2035,0.6,486,250,-8.3,12,1447,61.4,3.4,1004.1,1028.6,1,1018.7,1713,1023.1,10.1,7.9,1300,1.92,11.07,,,,,,,,0.2,-11.0,0.1,-0.4,-0.4,1.6,,,,,,1.6,2.3,,,
264,함양군,2017-01-20,-1.0,-3.9,2343,0.8,458,,,,,,0.5,15.4,250,746,7.7,270,1440,3.6,3095,250,-5.7,50,1639,70.8,4.1,1002.2,1029.1,2357,1014.5,541,1021.3,10.1,3.7,1300,1.51,8.09,,,,,,,,-1.2,-5.5,0.1,-0.2,-0.1,1.6,,,,,,1.0,1.4,,,
264,함양군,2017-01-21,-2.0,-9.2,603,2.2,1330,,,,,,0.0,9.2,230,1354,5.2,250,1343,2.2,1860,250,-6.4,52,1332,72.5,3.9,1007.8,1031.2,702,1023.1,2400,1027.1,10.2,5.6,1200,1.56,9.72,,,,,,,,-2.2,-13.0,0.1,-0.5,-1.0,1.5,,,,,,1.2,1.6,,,
264,함양군,2017-01-22,-2.2,-5.2,2333,1.0,17,,,,,,0.0,11.7,290,139,6.9,250,1144,3.7,3216,270,-9.0,46,1241,60.0,3.2,1006.6,1028.6,2253,1022.5,328,1025.9,10.2,5.7,1200,2.16,10.71,,,,,,,,-1.4,-7.5,0.1,-0.3,-0.2,1.4,,,,,,1.2,1.7,,,
264,함양군,2017-01-23,-4.1,-7.6,2359,0.4,1506,,,,,,,10.6,230,1519,5.6,230,1326,2.7,2328,250,-11.7,33,1509,56.4,2.5,1010.9,1032.8,2356,1028.1,17,1030.4,10.2,8.6,1200,2.27,13.66,,,,,,,,-2.4,-10.7,-0.1,-0.7,-1.3,1.3,,,,,,1.5,2.1,,,
264,함양군,2017-01-24,-3.8,-11.1,602,2.8,1355,,,,,,,9.1,250,1452,6.1,230,1411,2.1,1823,230,-10.6,28,1538,63.8,2.7,1014.2,1035.2,2031,1031.4,1435,1033.8,10.2,8.6,1200,2.29,14.28,,,,,,,,-2.6,-13.7,-0.5,-1.1,-1.6,1.2,,,,,,1.6,2.3,,,
264,함양군,2017-01-25,-3.8,-10.3,743,5.4,1554,,,,,,,7.2,270,1220,4.3,270,1223,1.4,1213,70,-10.9,24,1547,63.5,2.7,1014.0,1036.3,832,1030.5,1543,1033.6,10.3,8.6,1200,2.34,14.59,,,,,,,,-2.6,-13.6,-0.5,-1.1,0.3,1.2,,,,,,1.7,2.4,,,
264,함양군,2017-01-26,-1.2,-12.3,725,10.3,1414,,,,,,,7.5,270,1600,4.2,270,1445,1.0,889,270,-13.2,8,1438,50.3,2.3,1008.9,1033.7,14,1023.4,2311,1028.2,10.3,7.8,1100,2.44,13.72,,,,,,,,-1.7,-15.4,-0.6,-1.2,0.1,1.0,,,,,,2.4,3.4,,,
264,함양군,2017-01-27,3.0,-2.9,2351,7.0,343,,,,,,0.1,13.7,250,333,7.9,270,352,3.4,2908,230,-5.6,32,1620,55.3,4.2,1006.8,1029.0,2311,1020.4,441,1025.7,10.3,7.4,1200,2.33,13.21,,,,,,,,1.8,-5.5,0.1,-0.2,0.2,1.0,,,,,,1.8,2.6,,,
264,함양군,2017-01-28,1.4,-8.5,746,13.4,1547,,,,,,,2.7,360,1446,1.5,230,1816,0.3,244,140,-9.7,9,1614,52.4,3.0,1007.1,1030.1,822,1022.5,1556,1026.1,10.4,7.3,1200,2.3,14.01,,,,,,,,1.1,-10.7,0.1,-0.2,0.3,1.0,,,,,,1.8,2.6,,,
264,함양군,2017-01-29,3.9,0.5,1,6.9,1657,,,,,,1.6,9.6,230,2356,6.1,230,2356,0.3,243,230,-0.2,54,1654,75.4,6.1,999.4,1023.8,1,1013.8,2047,1018.1,10.4,0.0,1300,0.58,2.44,,,,,,,,1.4,-0.4,0.1,0.0,0.4,1.1,,,,,,0.6,0.8,,,
264,함양군,2017-01-30,0.3,-4.3,2315,5.9,1,,,,,,0.4,12.6,270,913,7.1,250,919,4.3,3705,250,-6.5,36,1606,61.5,3.9,1004.5,1030.1,2340,1014.8,12,1023.5,10.4,8.4,1200,2.23,13.36,,,,,,,,0.9,-7.2,0.2,0.1,0.4,1.1,,,,,,1.4,2.0,,,
264,함양군,2017-01-31,-1.7,-10.1,703,8.0,1527,,,,,,,7.4,200,1935,4.9,230,1936,1.2,1005,230,-11.4,15,1441,54.6,2.6,1008.0,1031.1,848,1023.4,1614,1027.3,10.4,8.5,1200,2.32,14.9,,,,,,,,-0.7,-11.5,0.1,-0.1,0.5,1.2,,,,,,2.3,3.2,,,
264,함양군,2017-02-01,0.8,-4.0,230,6.2,1353,,,,,,,10.3,290,1400,5.9,250,447,3.5,2981,250,-9.7,26,1355,45.9,3.0,1008.1,1029.6,2111,1024.9,1342,1027.2,10.5,8.2,1200,2.31,13.99,,,,,,,,0.2,-6.7,0.2,-0.1,0.6,1.2,,,,,,2.4,3.4,,,
264,함양군,2017-02-02,1.7,-4.0,528,8.7,1511,,,,,,,8.7,230,1850,5.5,250,1027,2.8,2398,230,-14.2,14,1148,32.4,2.1,1009.5,1031.2,816,1026.1,1632,1028.6,10.5,9.0,1200,2.5,15.58,,,,,,,,0.0,-8.1,0.2,-0.1,0.7,1.3,,,,,,2.9,4.2,,,
264,함양군,2017-02-03,1.5,-7.2,507,11.4,1355,,,,,,,7.1,290,1201,4.7,230,1716,1.3,1106,230,-9.0,15,1150,53.9,3.1,1006.9,1029.3,807,1022.7,1531,1025.9,10.5,7.1,1200,2.31,12.8,,,,,,,,-0.2,-9.4,0.3,-0.1,0.7,1.3,,,,,,2.1,3.0,,,
264,함양군,2017-02-04,5.7,-2.1,25,15.3,1337,,,,,,0.2,8.0,270,1350,3.9,270,1359,0.7,563,270,-5.2,8,1232,50.6,4.3,1001.5,1025.0,2,1016.2,2351,1020.1,10.6,2.8,1200,2.28,10.2,,,,,,,,3.0,-4.7,0.9,0.5,0.9,1.5,,,,,,1.8,2.5,,,
264,함양군,2017-02-05,4.5,1.9,2353,7.3,1015,,,,,,1.1,11.1,250,1345,6.0,250,1917,2.2,1911,250,1.6,66,2338,82.1,7.0,994.7,1016.3,7,1010.8,1319,1013.3,10.6,0.0,1100,0.58,3.45,,,,,,,,3.3,0.1,3.3,3.3,3.2,2.8,,,,,,0.9,1.3,,,
264,함양군,2017-02-06,1.5,-2.2,2115,6.2,1517,,,,,,0.0,11.5,290,226,6.3,250,951,3.6,3125,250,-6.6,31,1500,56.5,3.8,1002.0,1025.0,2358,1016.1,7,1020.9,10.6,8.9,1200,2.39,14.9,,,,,,,,2.0,-4.8,2.6,2.2,2.8,3.0,,,,,,2.0,2.8,,,
264,함양군,2017-02-07,1.2,-4.8,731,10.6,1432,,,,,,,6.3,200,1630,4.4,230,1647,0.6,488,320,-8.0,13,1347,56.9,3.4,1005.1,1026.9,837,1021.0,1511,1024.1,10.6,5.0,1200,2.33,11.61,,,,,,,,1.0,-6.3,2.0,1.5,2.3,2.8,,,,,,1.5,2.1,,,
264,함양군,2017-02-08,1.7,-3.6,125,6.9,1319,,,,,,,8.8,250,1500,5.9,250,1509,1.9,1661,250,-6.1,27,1444,59.1,3.9,999.4,1022.8,110,1015.5,2350,1018.3,10.7,0.2,1300,1.4,7.43,,,,,,,,1.0,-5.7,2.2,1.9,2.4,2.8,,,,,,1.6,2.3,,,
264,함양군,2017-02-09,-1.9,-4.7,2324,1.7,1329,,,,,,,13.5,270,1431,7.6,290,1458,4.1,3538,250,-9.5,35,1404,56.6,3.0,996.1,1017.6,2334,1013.3,1336,1015.1,10.7,6.5,1300,2.52,12.9,,,,,,,,-0.3,-5.9,1.8,1.2,2.2,2.7,,,,,,1.7,2.4,,,
264,함양군,2017-02-10,-3.1,-5.3,738,0.5,1433,,,,,,0.0,13.1,290,1319,7.2,250,1609,4.5,3871,250,-12.2,32,1433,50.4,2.4,998.4,1020.3,2350,1015.8,556,1017.6,10.7,8.7,1100,2.25,14.68,,,,,,,,-1.3,-6.3,0.0,0.1,1.2,2.2,,,,,,1.7,2.5,,,
264,함양군,2017-02-11,-1.7,-5.2,715,1.9,1437,,,,,,,12.1,270,1514,6.0,250,1521,3.1,2682,250,-9.9,41,1451,54.1,2.9,1005.1,1027.7,2329,1020.2,1,1024.3,10.8,8.5,1100,2.46,16.19,,,,,,,,-0.3,-7.4,-0.1,0.0,0.9,1.7,,,,,,1.8,2.6,,,
264,함양군,2017-02-12,0.5,-4.1,2344,6.3,1557,,,,,,,9.9,270,1250,5.8,250,1353,3.0,2616,250,-7.3,30,1557,57.8,3.5,1009.3,1030.6,2349,1026.4,1448,1028.4,10.8,9.2,1200,2.61,16.61,,,,,,,,0.6,-7.0,0.2,0.1,0.9,1.6,,,,,,2.2,3.1,,,
264,함양군,2017-02-13,1.5,-7.8,737,8.4,1435,,,,,,0.0,8.6,250,1246,5.4,230,1339,1.8,1546,230,-5.8,19,1113,64.6,4.2,1011.1,1032.7,817,1028.5,2306,1030.2,10.8,7.6,1200,2.34,14.33,,,,,,,,0.2,-9.9,0.4,0.2,1.0,1.7,,,,,,2.2,3.1,,,
264,함양군,2017-02-14,2.9,-3.7,2357,9.4,1455,,,,,,,8.6,230,1414,5.1,230,1401,2.0,1770,250,-7.8,20,1456,51.0,3.5,1012.7,1033.8,2307,1028.7,1,1031.8,10.9,9.3,1200,2.61,16.62,,,,,,,,2.3,-6.5,2.9,2.3,2.3,2.3,,,,,,2.7,3.8,,,
264,함양군,2017-02-15,1.9,-8.3,711,14.3,1458,,,,,,,7.8,230,1510,4.4,230,1359,1.0,822,230,-9.5,11,1429,53.9,3.0,1010.8,1033.7,117,1026.2,1544,1029.8,10.9,9.2,1200,2.62,16.42,,,,,,,,1.5,-11.1,2.1,1.7,2.3,2.7,,,,,,2.7,3.9,,,
264,함양군,2017-02-16,6.0,-7.6,726,16.3,1538,,,,,,1.3,10.4,290,1454,5.0,270,1501,0.7,600,270,-1.8,14,1216,64.6,5.9,1002.5,1027.6,1,1016.7,2335,1021.1,11.0,7.6,1100,2.29,14.19,,,,,,,,3.9,-9.9,3.4,2.6,2.7,2.9,,,,,,2.4,3.4,,,
264,함양군,2017-02-17,7.3,-0.6,2319,13.1,236,,,,,,0.2,13.1,200,1007,7.9,230,1405,4.5,3874,230,0.1,24,1539,62.4,6.7,1001.0,1024.5,2400,1014.5,420,1019.5,11.0,7.1,1300,2.49,14.18,,,,,,,,6.8,-2.0,7.3,6.5,5.9,4.7,,,,,,2.4,3.5,,,
264,함양군,2017-02-18,0.7,-2.4,732,6.1,1428,,,,,,,10.6,270,1657,6.0,230,1144,3.7,3167,250,-11.9,16,1633,41.0,2.5,1005.8,1026.6,2323,1022.7,1431,1024.8,11.0,9.3,1200,2.71,17.42,,,,,,,,1.9,-5.6,2.8,2.9,3.8,4.3,,,,,,2.8,4.0,,,
264,함양군,2017-02-19,3.6,-7.5,714,11.4,1419,,,,,,0.0,5.4,290,1453,3.7,250,28,0.7,626,70,-6.1,20,1337,52.9,4.1,998.7,1026.5,1,1008.8,2355,1017.4,11.1,6.0,1200,2.48,13.01,,,,,,,,2.7,-9.4,3.0,2.5,3.0,3.6,,,,,,1.9,2.7,,,
264,함양군,2017-02-20,5.0,-2.0,2341,13.6,141,,,,,,11.0,16.1,250,139,8.4,250,408,4.2,3659,250,-0.8,35,1616,67.6,6.4,996.4,1027.6,2355,1005.0,329,1014.9,11.1,7.2,1200,2.64,14.93,,,,,,,,5.8,-3.6,6.1,5.7,5.5,4.8,,,,,,1.9,2.8,,,
264,함양군,2017-02-21,0.9,-7.3,649,11.6,1600,,,,,,,4.9,270,21,2.8,250,25,0.7,571,50,-7.7,19,1421,59.6,3.5,1010.2,1032.8,954,1027.1,1643,1029.4,11.1,9.4,1200,2.68,17.26,,,,,,,,2.3,-8.3,2.7,2.7,3.5,4.3,,,,,,2.2,3.1,,,
264,함양군,2017-02-22,4.0,-1.7,1,7.8,2208,,,,,,16.5,11.5,230,2317,7.1,230,2329,1.0,896,70,1.7,67,528,85.5,7.0,996.9,1027.3,1,1007.8,2016,1015.5,11.2,0.0,1200,0.22,1.35,,,,,,,,2.3,-2.3,2.9,2.9,3.5,4.0,,,,,,0.5,0.8,,,
264,함양군,2017-02-23,1.7,-1.8,2349,6.2,1430,,,,,,,11.4,250,654,7.1,250,624,4.8,4128,250,-4.0,44,1422,66.9,4.6,999.1,1023.6,2359,1010.1,1,1017.9,11.2,7.0,1400,2.23,13.27,,,,,,,,2.4,-3.1,3.4,3.3,3.9,4.1,,,,,,1.8,2.5,,,
264,함양군,2017-02-24,1.5,-3.2,503,7.8,1540,,,,,,,9.3,290,1230,5.4,290,1233,3.4,2913,250,-9.1,22,1425,48.3,3.1,1005.1,1025.2,903,1021.7,1428,1024.1,11.2,9.2,1200,2.86,18.53,,,,,,,,1.8,-4.4,1.9,1.8,2.8,3.6,,,,,,2.7,3.8,,,
264,함양군,2017-02-25,4.1,-2.4,2359,9.8,1529,,,,,,,9.0,230,1515,5.8,230,1514,3.0,2589,230,-5.3,19,1620,53.5,4.2,1003.6,1024.9,1,1019.0,1512,1022.4,11.3,10.1,1200,2.76,18.46,,,,,,,,2.5,-5.2,3.5,3.2,3.4,3.6,,,,,,2.5,3.6,,,
264,함양군,2017-02-26,3.0,-3.9,414,12.4,1532,,,,,,,7.3,250,1457,3.8,230,1335,1.2,1053,230,-5.4,25,1225,60.0,4.1,1005.1,1027.6,2354,1021.0,1444,1024.0,11.3,9.7,1300,2.69,17.51,,,,,,,,2.9,-5.8,3.8,3.4,3.8,4.0,,,,,,2.5,3.5,,,
264,함양군,2017-02-27,3.8,-4.0,707,13.3,1531,,,,,,,7.9,290,1409,3.6,270,1438,0.8,669,270,-5.1,18,1510,59.1,4.2,1007.8,1029.1,757,1023.2,1454,1026.6,11.3,10.1,1300,2.62,17.96,,,,,,,,3.2,-6.2,4.2,4.0,4.2,4.3,,,,,,2.5,3.6,,,
264,함양군,2017-02-28,4.2,-5.3,650,15.3,1358,,,,,,,6.7,250,1618,3.7,250,1613,0.8,671,270,-5.2,16,1404,57.5,4.2,1006.1,1029.0,632,1020.9,1700,1024.9,11.4,10.1,1200,2.84,18.79,,,,,,,,4.7,-8.7,4.7,4.3,4.5,4.5,,,,,,2.9,4.1,,,
264,함양군,2017-03-01,6.2,-1.7,628,14.0,1441,,,,,,1.0,6.9,270,1842,4.2,250,1845,0.9,810,250,-2.3,23,1635,60.5,5.3,997.4,1023.7,146,1010.0,2357,1015.9,11.4,5.5,1100,2.31,13.27,,,,,,,,5.0,-3.5,5.3,4.9,5.0,4.9,,,,,,2.1,3.0,,,
264,함양군,2017-03-02,2.8,-1.7,2359,5.5,1356,,,,,,0.5,11.1,230,1052,7.0,230,1145,3.6,3119,250,-2.0,49,1709,71.1,5.4,996.8,1021.6,2359,1009.2,132,1015.5,11.5,7.4,1300,2.77,16.37,,,,,,,,5.0,-4.9,5.6,5.6,5.9,5.6,,,,,,1.9,2.7,,,
264,함양군,2017-03-03,4.3,-5.2,634,14.5,1343,,,,,,,7.3,230,1531,4.7,250,1635,1.2,1003,250,-6.7,17,1337,50.5,3.7,1001.3,1023.2,747,1016.5,1432,1020.0,11.5,9.9,1200,2.9,19.66,,,,,,,,5.0,-7.3,4.5,4.3,4.7,5.0,,,,,,2.9,4.1,,,
264,함양군,2017-03-04,5.5,-3.3,542,16.0,1415,,,,,,,8.2,290,1407,4.7,290,1516,0.9,738,230,-5.0,14,1434,55.5,4.3,999.9,1021.5,747,1015.1,1419,1018.5,11.5,9.4,1200,2.87,18.85,,,,,,,,5.8,-6.0,5.5,5.2,5.4,5.3,,,,,,3.2,4.5,,,
264,함양군,2017-03-05,6.5,-2.2,523,17.6,1428,,,,,,,10.9,230,2333,5.6,250,2230,1.5,1296,230,-4.1,11,1431,55.3,4.7,997.3,1019.7,757,1011.1,1539,1015.7,11.6,5.3,1300,2.68,13.78,,,,,,,,6.6,-4.4,5.7,5.4,5.6,5.6,,,,,,3.1,4.4,,,
264,함양군,2017-03-06,3.7,-0.5,2335,8.1,1513,,,,,,,11.1,270,1607,6.5,250,1602,3.7,3233,250,-9.4,17,1222,42.4,3.3,996.6,1018.3,2150,1012.7,1445,1015.2,11.6,10.3,1200,3.0,20.37,,,,,,,,6.6,-4.2,6.1,6.0,6.3,6.1,,,,,,3.3,4.7,,,
264,함양군,2017-03-07,0.1,-2.4,2344,4.4,1417,,,,,,0.1,12.2,250,1032,6.6,250,1456,3.7,3176,250,-7.9,34,1225,56.4,3.4,997.6,1018.4,2246,1014.2,1506,1016.6,11.6,8.8,1300,2.87,19.68,,,,,,,,2.6,-5.2,3.5,4.0,4.9,5.4,,,,,,2.3,3.3,,,
264,함양군,2017-03-08,1.3,-2.3,1,5.5,1630,,,,,,0.1,10.9,250,1210,6.4,250,1211,3.3,2841,250,-4.8,37,1631,64.4,4.3,996.7,1018.0,2,1013.7,1758,1015.5,11.7,5.1,1300,2.36,13.83,,,,,,,,3.4,-4.7,3.2,3.3,4.0,4.8,,,,,,1.7,2.4,,,
264,함양군,2017-03-09,5.7,0.3,621,12.1,1516,,,,,,,14.5,250,1427,7.9,250,1433,3.7,3236,250,-4.9,21,1428,49.4,4.3,995.4,1016.6,811,1010.6,1551,1013.9,11.7,10.1,1200,2.95,19.99,,,,,,,,6.7,-2.8,5.3,4.9,5.0,4.9,,,,,,3.5,4.9,,,
264,함양군,2017-03-10,6.8,-0.4,734,15.6,1518,,,,,,,11.5,320,1248,5.2,340,1409,2.3,1947,250,-7.2,13,1521,41.3,3.6,1000.3,1022.2,2323,1014.8,1,1018.8,11.7,10.5,1200,3.03,21.05,,,,,,,,8.9,-6.4,6.7,6.2,6.2,5.7,,,,,,3.6,5.2,,,
264,함양군,2017-03-11,6.6,-5.2,653,19.9,1540,,,,,,,7.5,290,1432,3.5,290,1301,0.6,477,20,-7.7,7,1443,47.0,3.6,1004.3,1025.5,700,1018.9,1608,1022.9,11.8,10.4,1200,2.95,20.44,,,,,,,,8.6,-9.8,6.7,6.3,6.5,6.1,,,,,,3.6,5.1,,,
264,함양군,2017-03-12,9.0,-3.4,703,19.4,1431,,,,,,,7.8,230,1946,4.4,230,1951,1.4,1210,250,-6.8,9,1532,40.9,3.8,1002.2,1024.8,142,1016.2,1726,1020.6,11.8,9.3,1200,2.85,18.91,,,,,,,,9.6,-7.2,7.7,7.2,7.1,6.6,,,,,,4.0,5.8,,,
264,함양군,2017-03-13,9.8,0.6,702,18.2,1440,,,,,,,6.7,230,1812,4.2,200,1802,0.8,714,70,-5.4,8,1436,39.8,4.3,998.0,1019.3,143,1012.1,1643,1016.2,11.9,8.0,1100,2.85,18.61,,,,,,,,11.9,-5.2,9.6,8.7,8.5,7.5,,,,,,3.2,4.6,,,
264,함양군,2017-03-14,6.3,-0.9,712,13.1,1417,,,,,,,9.8,290,1455,6.0,340,1510,2.2,1928,250,-4.0,16,1637,51.8,4.6,999.3,1021.9,2353,1014.6,1407,1017.9,11.9,10.6,1200,3.09,20.94,,,,,,,,9.5,-6.0,8.8,8.5,8.6,8.0,,,,,,3.5,5.0,,,
264,함양군,2017-03-15,5.3,-5.0,708,15.5,1703,,,,,,,6.8,250,1513,3.4,250,1517,0.7,604,20,-6.5,14,1702,50.3,3.8,1003.9,1025.5,744,1019.2,1713,1022.6,11.9,10.5,1200,3.06,21.51,,,,,,,,8.7,-9.4,7.3,7.3,7.6,7.6,,,,,,3.2,4.5,,,
264,함양군,2017-03-16,5.7,-2.8,653,14.7,1515,,,,,,,7.6,230,1645,4.0,250,1614,1.1,917,270,-3.8,25,1739,54.6,4.6,1003.0,1024.5,714,1017.9,1512,1021.6,12.0,6.1,1100,2.37,14.84,,,,,,,,7.8,-6.3,7.0,7.0,7.5,7.5,,,,,,2.3,3.3,,,
264,함양군,2017-03-17,6.5,-4.7,543,18.6,1517,,,,,,,6.8,70,1247,3.3,160,1250,0.6,493,50,-7.0,11,1511,48.5,3.7,1004.6,1025.5,731,1019.7,1615,1023.2,12.0,10.4,1200,3.08,21.19,,,,,,,,8.9,-10.2,7.5,7.3,7.5,7.4,,,,,,3.4,4.8,,,
264,함양군,2017-03-18,7.2,-1.0,625,18.7,1504,,,,,,,6.1,290,1511,3.0,270,1516,0.6,512,20,-4.9,13,1339,50.4,4.4,1005.6,1027.0,835,1020.5,1556,1024.2,12.1,6.3,1300,2.76,14.94,,,,,,,,9.3,-3.6,8.1,7.8,8.0,7.7,,,,,,2.7,3.9,,,
264,함양군,2017-03-19,8.4,-2.8,634,20.6,1501,,,,,,,5.7,90,1656,3.2,90,1949,0.7,621,90,-3.8,13,1305,50.5,4.7,1006.9,1028.7,730,1021.4,1557,1025.4,12.1,9.8,1200,3.11,20.74,,,,,,,,11.2,-8.4,8.9,8.4,8.4,8.0,,,,,,3.5,5.0,,,
264,함양군,2017-03-20,6.5,-1.0,549,13.8,1215,,,,,,5.0,5.0,140,1530,3.1,140,1537,0.6,494,50,1.9,39,1216,75.9,7.2,1001.2,1026.0,43,1015.0,2354,1019.8,12.1,0.0,900,1.16,6.31,,,,,,,,6.5,-6.3,7.2,7.5,8.1,8.2,,,,,,1.2,1.7,,,
264,함양군,2017-03-21,7.3,0.6,2400,12.7,1450,,,,,,1.5,12.9,250,1253,7.6,250,1108,2.5,2170,250,0.4,31,1309,65.3,6.4,997.8,1021.8,2353,1013.2,1403,1016.2,12.2,10.7,1200,3.18,21.51,,,,,,,,9.1,-2.5,8.7,8.4,8.5,8.1,,,,,,3.3,4.8,,,
264,함양군,2017-03-22,6.9,-2.3,520,16.7,1425,,,,,,,7.2,230,1559,4.1,230,1552,0.8,722,250,-3.4,16,1409,55.0,4.8,1002.1,1023.2,817,1017.6,1632,1020.6,12.2,6.0,1200,2.92,17.54,,,,,,,,8.1,-5.4,7.4,7.3,7.7,7.8,,,,,,2.9,4.1,,,
264,함양군,2017-03-23,9.5,3.0,2357,17.1,1354,,,,,,,9.0,250,1330,5.2,250,1339,1.2,1041,250,-3.0,11,1408,47.5,5.0,1001.3,1021.8,2345,1016.3,1730,1019.6,12.2,6.3,1300,2.51,15.76,,,,,,,,9.9,-1.3,9.8,9.2,9.1,8.5,,,,,,3.1,4.4,,,
264,함양군,2017-03-24,7.7,-0.2,417,14.7,1333,,,,,,0.0,5.8,70,1358,2.7,90,2110,0.9,777,90,1.1,41,1334,64.4,6.7,1002.6,1023.5,706,1017.5,1651,1021.1,12.3,2.4,1200,2.12,12.16,,,,,,,,8.1,-2.3,8.5,8.4,8.7,8.6,,,,,,1.8,2.6,,,
264,함양군,2017-03-25,6.0,4.8,2116,8.2,1,,,,,,5.5,5.1,230,1618,3.2,230,1620,0.6,482,70,4.4,69,1,89.9,8.4,1001.9,1021.4,859,1019.0,1530,1020.5,12.3,0.0,1400,0.75,4.53,,,,,,,,7.1,2.3,8.1,8.2,8.7,8.7,,,,,,0.6,0.9,,,
264,함양군,2017-03-26,7.0,2.8,707,12.6,1311,,,,,,0.0,9.3,250,1605,5.0,250,1610,1.7,1493,230,1.2,43,1210,68.9,6.7,999.9,1020.4,1,1015.5,1508,1018.4,12.4,3.5,1000,2.14,14.31,,,,,,,,8.1,0.9,8.5,8.4,8.6,8.4,,,,,,2.2,3.2,,,
264,함양군,2017-03-27,5.7,0.5,430,10.4,1641,,,,,,0.8,9.9,270,1254,5.9,250,1731,2.4,2070,250,0.0,39,1708,68.5,6.2,1002.1,1023.4,2333,1018.8,1702,1020.7,12.4,5.2,1000,2.55,13.33,,,,,,,,5.3,-2.1,6.8,7.1,7.8,8.2,,,,,,1.9,2.7,,,
264,함양군,2017-03-28,7.6,-1.9,624,15.5,1434,,,,,,1.5,8.4,200,1241,4.9,230,1241,1.8,1515,230,-2.3,14,1450,57.6,5.3,1004.8,1025.8,737,1020.4,1649,1023.3,12.4,8.1,1300,2.86,19.75,,,,,,,,10.0,-6.3,7.6,7.2,7.6,7.7,,,,,,3.3,4.7,,,
264,함양군,2017-03-29,6.8,4.1,2355,11.7,1702,,,,,,1.0,2.6,140,1915,1.7,140,1923,0.3,223,250,4.3,66,1703,85.1,8.3,1004.2,1024.8,100,1019.8,1750,1022.7,12.5,0.0,1400,0.99,5.84,,,,,,,,8.1,0.4,8.3,8.2,8.5,8.4,,,,,,0.8,1.1,,,
264,함양군,2017-03-30,11.1,3.0,102,21.8,1609,,,,,,,6.0,200,1348,3.0,110,1721,0.7,604,20,1.5,15,1612,61.4,6.9,1002.2,1023.9,801,1016.6,1631,1020.4,12.5,8.2,1200,3.26,21.15,,,,,,,,12.5,0.0,10.9,10.0,9.6,8.8,,,,,,3.4,4.9,,,
264,함양군,2017-03-31,9.5,7.2,2336,14.6,1418,,,,,,6.0,4.2,70,1142,2.4,70,1147,0.6,479,70,5.8,51,1419,79.6,9.2,999.8,1020.5,130,1014.9,1552,1018.1,12.5,0.8,1100,1.79,8.93,,,,,,,,11.2,4.1,10.8,10.5,10.6,10.0,,,,,,1.3,1.9,,,
264,함양군,2017-04-01,7.6,2.5,2357,13.8,1140,0,1154,0.4,1104,,0.5,12.0,250,1311,5.8,290,1319,0.8,700,70,3.9,47,1408,78.9,8.1,997.4,1018.0,2329,1013.0,1618,1015.8,12.6,3.0,1200,2.01,11.83,,,,,,,,9.0,-2.2,10.2,10.2,10.4,10.0,,,,,,1.7,2.4,,,
264,함양군,2017-04-02,8.1,-0.2,640,16.0,1524,,,,,,,10.0,20,1130,5.2,320,1323,1.7,1439,270,-1.6,22,1344,56.5,5.5,1000.3,1021.4,2352,1016.8,1504,1018.7,12.6,10.5,1100,2.99,21.49,,,,,,,,9.3,-3.9,8.7,8.7,9.2,9.4,,,,,,3.7,5.2,,,
264,함양군,2017-04-03,11.8,1.1,403,21.4,1453,,,,,,,8.9,270,1541,5.1,200,1035,1.9,1673,270,-4.5,12,1435,39.6,4.5,1004.6,1025.4,2347,1020.4,1626,1022.8,12.6,11.4,1200,3.35,24.89,,,,,,,,12.0,-2.8,10.5,9.7,9.7,9.4,,,,,,5.5,7.9,,,
264,함양군,2017-04-04,12.8,0.3,619,23.9,1339,,,,,,,5.7,160,1511,3.2,160,1516,0.7,642,50,0.9,17,1609,50.5,6.6,1005.4,1027.6,757,1019.6,1611,1023.6,12.7,10.4,1200,2.97,21.31,,,,,,,,13.6,-3.3,11.8,11.0,10.9,10.1,,,,,,3.8,5.4,,,
264,함양군,2017-04-05,12.7,9.4,649,15.1,1053,1,2049,2.0,2015,,6.0,3.9,70,931,2.2,70,932,0.4,383,250,9.0,53,1002,79.3,11.8,1000.2,1022.8,728,1013.4,2340,1018.2,12.7,0.0,900,0.99,3.64,,,,,,,,11.3,7.3,11.7,11.5,11.6,11.0,,,,,,0.7,1.0,,,
264,함양군,2017-04-06,14.4,9.6,2355,16.9,1451,1,348,2.0,316,,4.5,5.4,290,952,2.7,290,1405,0.9,749,290,12.6,77,1829,89.4,14.7,994.0,1013.7,2322,1010.3,1608,1011.8,12.8,0.0,1200,0.51,2.95,,,,,,,,12.6,5.3,13.2,12.5,12.3,11.3,,,,,,0.8,1.1,,,
264,함양군,2017-04-07,14.2,5.4,417,25.2,1504,,,,,,,6.6,50,1341,4.0,110,1603,0.8,670,20,8.0,27,1541,73.0,10.8,995.5,1016.2,755,1010.5,1618,1013.4,12.8,9.4,1200,3.33,23.22,,,,,,,,14.5,2.4,14.0,13.2,12.8,11.7,,,,,,4.0,5.7,,,
264,함양군,2017-04-08,15.9,6.1,512,26.7,1449,,,,,,,8.0,250,1506,4.7,250,1513,1.2,994,250,8.2,28,1552,66.9,10.9,993.1,1014.4,122,1006.8,1529,1010.8,12.8,9.4,1200,3.29,23.06,,,,,,,,15.7,2.9,15.8,14.7,14.2,12.9,,,,,,4.4,6.3,,,
264,함양군,2017-04-09,14.3,9.4,2400,21.3,1211,,,,,,,8.8,50,1139,4.2,50,1148,1.5,1290,50,7.4,43,2107,64.6,10.6,995.6,1018.1,2359,1010.1,230,1013.4,12.9,3.7,1100,2.76,12.35,,,,,,,,13.4,6.4,15.1,14.8,14.7,13.7,,,,,,2.5,3.6,,,
264,함양군,2017-04-10,12.9,5.6,620,20.2,1541,0,,0.3,2300,,0.3,7.6,70,1333,4.0,50,1335,1.6,1340,70,3.5,31,1112,57.4,7.9,993.9,1018.3,40,1007.3,1728,1011.8,12.9,7.9,1200,3.3,23.28,,,,,,,,14.9,2.5,14.8,14.0,14.0,13.3,,,,,,3.9,5.6,,,
264,함양군,2017-04-11,12.2,8.7,313,18.9,1513,1,133,2.5,118,,7.5,10.6,270,1821,6.6,250,1830,2.2,1898,270,6.6,44,1504,71.4,9.8,988.6,1010.4,2356,1003.4,1540,1006.4,13.0,6.5,1300,3.22,18.45,,,,,,,,13.1,6.3,14.2,14.1,14.3,13.7,,,,,,3.6,5.1,,,
264,함양군,2017-04-12,13.1,8.3,710,19.6,1458,,,,,,,10.4,320,1147,5.7,250,2345,3.2,2743,250,-6.3,12,1347,28.4,4.0,996.4,1017.7,2255,1010.4,1,1014.3,13.0,8.8,1300,3.07,21.19,,,,,,,,11.2,6.8,12.9,12.7,13.2,13.0,,,,,,6.1,8.6,,,
264,함양군,2017-04-13,13.7,4.4,554,20.4,1506,,,,,,,11.1,250,1514,6.1,250,41,3.3,2816,230,2.1,16,7,47.4,7.4,999.3,1019.5,649,1014.2,1630,1017.3,13.0,10.5,1200,3.13,22.38,,,,,,,,12.9,1.8,13.6,12.8,12.9,12.7,,,,,,4.1,5.9,,,
264,함양군,2017-04-14,14.0,3.5,641,21.5,1305,0,,0.0,,,0.0,13.8,230,1254,6.8,250,1343,1.7,1449,230,5.3,22,1105,58.1,9.1,995.9,1018.7,1,1010.2,1652,1013.7,13.1,6.9,1200,3.19,18.49,,,,,,,,13.2,-0.3,13.3,13.0,13.2,12.8,,,,,,3.8,5.5,,,
264,함양군,2017-04-15,17.2,9.9,2358,25.5,1607,0,234,1.0,235,,1.0,9.3,250,1437,4.9,250,933,2.0,1768,250,9.3,30,1538,65.0,11.7,996.3,1016.2,2355,1011.4,1605,1013.9,13.1,11.4,1300,3.28,24.66,,,,,,,,18.3,5.8,17.2,15.7,15.1,13.7,,,,,,4.6,6.5,,,
264,함양군,2017-04-16,16.2,4.8,604,29.3,1454,,,,,,,7.2,140,1752,3.8,140,1756,1.0,845,160,4.0,8,1455,55.3,8.3,996.8,1018.0,632,1010.5,1634,1014.6,13.1,9.9,1200,3.49,24.52,,,,,,,,17.2,0.9,17.2,16.1,15.8,14.5,,,,,,5.3,7.5,,,
264,함양군,2017-04-17,12.7,8.1,121,16.8,1610,1,842,3.0,1431,,7.0,7.1,250,1947,4.3,270,1958,0.8,715,270,10.3,63,628,86.0,12.6,983.5,1013.3,1,994.0,1538,1001.3,13.2,0.5,1000,0.31,2.25,,,,,,,,11.8,3.8,13.7,14.0,14.8,14.6,,,,,,0.8,1.2,,,
264,함양군,2017-04-18,14.8,7.4,519,24.0,1436,0,1520,1.0,1511,,1.0,13.8,250,2145,7.5,250,2154,2.8,2455,250,8.4,38,1439,68.1,11.3,982.4,1004.7,2353,994.3,1620,1000.0,13.2,6.4,1300,2.88,19.14,,,,,,,,14.7,4.5,15.0,14.2,14.3,13.7,,,,,,4.3,6.2,,,
264,함양군,2017-04-19,13.8,8.8,2328,19.5,1444,,,,,,,11.5,230,230,6.8,250,901,4.1,3549,250,0.8,25,1446,43.0,6.5,992.2,1014.6,2204,1004.6,4,1010.0,13.2,11.9,1200,3.44,26.41,,,,,,,,13.5,6.0,14.3,13.8,14.0,13.7,,,,,,4.9,7.0,,,
264,함양군,2017-04-20,11.0,7.3,128,17.7,1135,0,1749,0.5,1659,,0.5,4.3,70,1659,2.4,70,1703,0.4,340,50,4.9,26,1150,71.3,8.9,994.3,1014.6,44,1010.1,1523,1012.4,13.3,0.5,1100,2.34,7.97,,,,,,,,11.4,4.3,12.9,13.1,13.6,13.6,,,,,,1.6,2.2,,,
264,함양군,2017-04-21,13.2,6.8,601,21.8,1444,,,,,,,6.9,50,1359,3.0,290,1604,0.6,483,360,5.3,22,1614,67.1,9.1,992.5,1013.1,1,1007.1,1618,1010.4,13.3,6.1,1400,2.7,18.27,,,,,,,,16.1,6.0,14.7,14.0,13.9,13.4,,,,,,3.0,4.3,,,
264,함양군,2017-04-22,12.0,4.1,610,21.2,1433,0,,0.0,,,0.0,9.2,270,1549,4.4,230,1457,1.0,838,200,5.4,27,1517,70.5,9.1,994.9,1017.1,2343,1009.9,1525,1012.9,13.3,8.1,1000,2.96,19.29,,,,,,,,14.3,1.5,15.1,14.4,14.5,13.9,,,,,,3.3,4.7,,,
264,함양군,2017-04-23,13.0,3.0,611,23.3,1543,,,,,,,6.7,90,1251,3.8,250,1653,0.9,776,50,5.5,29,1137,68.0,9.1,999.6,1020.0,2354,1014.8,1622,1017.6,13.4,10.4,1200,3.44,25.36,,,,,,,,15.6,0.0,15.6,15.0,14.8,14.1,,,,,,4.2,6.0,,,
264,함양군,2017-04-24,13.4,3.3,538,24.3,1553,,,,,,,9.1,200,1833,5.8,200,1836,1.2,1028,200,4.3,13,1618,62.8,8.4,1001.2,1022.1,625,1015.6,1553,1019.3,13.4,11.9,1200,3.49,27.56,,,,,,,,17.4,-0.1,16.8,16.0,15.8,14.8,,,,,,5.1,7.3,,,
264,함양군,2017-04-25,15.8,7.5,552,22.7,1429,0,2138,1.0,2058,,1.5,13.2,230,2042,7.6,230,2047,1.5,1266,270,10.0,39,1120,72.5,12.4,1001.0,1020.0,721,1016.6,1702,1018.8,13.4,3.9,900,2.22,15.05,,,,,,,,16.8,5.8,16.8,16.1,16.1,15.4,,,,,,2.5,3.5,,,
264,함양군,2017-04-26,15.2,11.2,602,21.6,1550,0,14,0.5,1,,0.5,7.0,340,1737,3.9,340,1746,1.1,972,270,6.5,23,1833,61.8,10.2,997.1,1019.5,11,1010.5,1548,1014.9,13.5,5.8,1200,3.15,18.58,,,,,,,,16.7,8.3,17.3,16.7,16.6,15.7,,,,,,3.8,5.4,,,
264,함양군,2017-04-27,12.4,4.9,2359,20.1,1356,,,,,,,9.1,340,1208,4.9,250,1743,2.1,1838,250,-0.7,22,1152,44.9,5.9,994.2,1015.1,1,1009.2,1652,1012.1,13.5,9.9,1200,3.63,26.24,,,,,,,,15.7,1.9,16.2,15.7,15.9,15.4,,,,,,5.1,7.3,,,
264,함양군,2017-04-28,14.8,1.9,514,24.3,1529,,,,,,,12.4,200,1648,6.5,230,1504,2.8,2432,230,1.4,14,1707,48.8,6.9,989.5,1012.8,3,1002.5,1657,1007.2,13.5,12.1,1200,3.52,27.2,,,,,,,,17.4,-0.1,16.5,15.7,15.8,15.3,,,,,,6.8,9.8,,,
264,함양군,2017-04-29,17.5,5.8,603,26.3,1514,,,,,,,10.2,180,1356,6.3,230,1215,2.1,1850,230,3.2,18,1031,46.9,7.8,990.0,1009.2,627,1005.4,1802,1007.5,13.6,11.9,1200,3.47,26.94,,,,,,,,19.8,2.7,18.7,17.6,17.1,16.0,,,,,,6.6,9.4,,,
264,함양군,2017-04-30,20.9,10.4,151,28.7,1544,,,,,,,12.1,200,1444,6.4,270,1407,2.6,2211,270,9.5,34,1457,50.3,12.0,991.0,1010.7,2358,1005.9,1457,1008.4,13.6,11.4,1200,3.24,24.7,,,,,,,,21.5,6.8,19.9,18.7,18.2,16.8,,,,,,5.8,8.2,,,
264,함양군,2017-05-01,18.8,11.0,540,27.2,1405,,,,,,,9.0,270,44,4.7,250,52,1.8,1535,90,9.6,30,1423,58.4,12.2,998.6,1021.5,2357,1010.4,4,1016.2,13.6,11.4,1200,3.35,25.22,,,,,,,,23.4,7.7,21.6,20.3,19.6,17.8,,,,,,4.7,6.7,,,
264,함양군,2017-05-02,15.5,6.3,548,25.8,1518,,,,,,,5.9,50,1207,2.8,20,1447,0.8,724,20,5.4,14,1604,58.3,9.0,1004.3,1024.3,748,1019.6,1611,1022.3,13.7,9.6,1200,3.14,23.06,,,,,,,,20.6,4.2,20.0,19.3,19.2,18.1,,,,,,4.3,6.2,,,
264,함양군,2017-05-03,17.3,5.4,543,28.6,1458,,,,,,,6.4,110,1345,3.3,140,1744,0.9,760,20,7.1,12,1354,61.4,10.3,1003.3,1024.6,731,1017.5,1704,1021.2,13.7,12.1,1200,3.45,27.61,,,,,,,,22.5,2.1,21.0,19.9,19.5,18.2,,,,,,5.4,7.7,,,
264,함양군,2017-05-04,17.6,7.5,544,26.9,1422,0,,0.6,2050,,0.9,8.0,50,1357,3.8,50,1249,0.9,814,50,11.3,32,1224,71.8,13.6,998.9,1021.1,1,1013.0,1550,1016.6,13.7,7.8,1000,2.69,20.12,,,,,,,,20.9,4.5,20.8,19.9,19.8,18.6,,,,,,3.4,4.9,,,
264,함양군,2017-05-05,18.1,13.5,433,22.7,1214,1,1804,2.5,1713,,4.0,5.7,250,2232,3.3,230,2248,0.5,415,50,16.3,69,1214,90.4,18.7,996.5,1016.5,1,1012.1,1650,1014.1,13.8,0.0,1100,1.63,7.9,,,,,,,,19.1,12.4,19.8,19.4,19.5,18.7,,,,,,1.7,2.4,,,
264,함양군,2017-05-06,17.1,10.4,652,24.0,1439,,,,,,,10.8,270,1508,5.8,250,1505,2.9,2518,250,2.0,13,1100,44.5,7.9,998.1,1017.6,2138,1013.6,1707,1015.8,13.8,10.2,1000,3.25,26.24,,,,,,,,20.1,8.3,19.8,19.2,19.2,18.4,,,,,,7.0,10.0,,,
264,함양군,2017-05-07,17.1,6.4,509,25.6,1439,,,,,,,13.9,290,1331,7.1,270,1515,3.3,2826,270,5.1,19,1731,49.8,8.9,996.6,1017.7,12,1010.9,1543,1014.3,13.8,11.5,1200,3.44,27.12,,,,,,,,19.7,3.9,19.2,18.5,18.6,18.1,,,,,,6.2,8.8,,,
264,함양군,2017-05-08,17.5,8.0,249,26.1,1250,,,,,,,6.9,230,1327,4.4,250,1553,1.4,1221,250,7.4,19,1210,56.9,10.5,996.3,1016.5,103,1012.0,1542,1014.0,13.9,2.1,1100,2.43,16.27,,,,,,,,18.8,4.8,18.6,18.2,18.4,18.0,,,,,,3.5,5.0,,,
264,함양군,2017-05-09,13.3,12.2,508,16.1,21,1,839,3.0,942,,14.0,7.1,50,1651,3.7,50,1419,1.3,1164,70,12.4,72,124,95.1,14.4,993.8,1016.0,901,1007.9,1600,1011.7,13.9,0.0,1200,0.74,3.89,,,,,,,,14.1,11.9,16.3,16.5,17.4,17.6,,,,,,0.7,1.0,,,
264,함양군,2017-05-10,14.8,10.5,2243,18.6,1330,0,,0.1,,,0.1,8.7,250,1405,5.4,250,1351,1.4,1212,250,12.8,71,1741,88.6,14.8,992.8,1014.9,2251,1007.4,150,1010.5,13.9,2.4,1300,3.04,12.88,,,,,,,,16.0,8.4,16.9,16.5,16.8,16.6,,,,,,2.0,2.8,,,
264,함양군,2017-05-11,17.5,10.1,306,27.3,1621,2,700,2.5,610,,5.5,8.5,250,1228,4.8,250,1404,1.2,1066,230,13.2,33,1626,80.0,15.2,994.8,1014.4,7,1010.5,1528,1012.5,13.9,7.7,1200,3.32,22.38,,,,,,,,18.3,8.8,18.2,17.5,17.5,16.9,,,,,,3.6,5.2,,,
264,함양군,2017-05-12,14.8,11.8,2400,19.0,1651,0,,0.3,1018,,0.6,4.9,50,1254,2.4,50,1300,0.4,356,50,13.9,80,1619,94.6,16.0,993.0,1013.6,1,1008.1,2118,1010.8,14.0,0.0,1600,0.79,4.82,,,,,,,,15.5,8.4,17.0,17.1,17.6,17.4,,,,,,1.0,1.5,,,
264,함양군,2017-05-13,18.3,10.7,520,26.5,1508,,,,,,,13.9,270,1736,8.0,250,1741,2.3,1952,250,12.9,46,1629,74.4,15.0,989.4,1009.5,2352,1003.2,1542,1006.9,14.0,8.9,1200,3.32,25.08,,,,,,,,20.4,8.8,19.7,18.7,18.4,17.4,,,,,,5.1,7.2,,,
264,함양군,2017-05-14,16.1,9.0,550,23.0,1218,,,,,,,12.0,270,1320,6.6,270,1432,2.9,2464,250,4.9,22,1713,52.5,8.8,993.0,1013.9,2352,1008.6,1349,1010.7,14.0,13.0,1200,3.56,28.76,,,,,,,,18.4,5.9,19.6,18.9,18.9,18.1,,,,,,5.9,8.5,,,
264,함양군,2017-05-15,15.6,7.4,344,22.5,1430,,,,,,,14.1,230,1255,6.9,250,1243,3.0,2629,250,6.7,26,1532,60.0,9.8,995.0,1014.3,59,1010.5,1635,1012.8,14.0,12.6,1200,3.61,28.99,,,,,,,,19.6,5.5,19.3,18.6,18.7,18.1,,,,,,5.5,7.9,,,
264,함양군,2017-05-16,16.2,8.5,530,23.3,1239,,,,,,,7.6,250,1136,4.3,250,1254,1.0,899,270,9.1,36,1147,67.3,11.6,992.8,1013.5,257,1007.6,1726,1010.5,14.1,6.8,1000,2.85,18.83,,,,,,,,18.6,5.7,19.4,18.8,18.9,18.3,,,,,,3.3,4.7,,,
264,함양군,2017-05-17,15.9,6.4,535,25.2,1618,,,,,,,3.0,250,1428,1.5,270,1436,0.4,328,70,9.7,34,1544,71.5,12.1,993.6,1014.8,2327,1008.7,1507,1011.3,14.1,8.5,1100,3.4,22.37,,,,,,,,21.1,1.8,20.1,19.2,19.2,18.4,,,,,,3.5,5.1,,,
264,함양군,2017-05-18,18.7,8.0,511,27.8,1259,,,,,,,7.7,200,1532,4.2,230,1540,1.1,939,250,10.6,32,1300,64.6,12.8,997.8,1017.3,650,1012.8,1618,1015.4,14.1,9.4,1200,3.61,23.32,,,,,,,,20.8,4.9,21.2,20.3,20.0,18.9,,,,,,4.5,6.5,,,
264,함양군,2017-05-19,21.2,8.5,521,30.6,1535,,,,,,,9.2,200,1355,5.5,230,1416,2.0,1706,250,8.9,24,1541,51.5,11.4,998.6,1018.6,621,1012.6,1712,1016.1,14.1,13.0,1200,3.57,29.14,,,,,,,,24.2,5.6,23.0,21.6,21.0,19.6,,,,,,6.8,9.7,,,
264,함양군,2017-05-20,19.5,9.2,456,29.9,1343,,,,,,,7.5,230,1459,4.6,250,1743,1.0,867,250,9.5,24,1334,58.4,11.9,997.6,1017.8,639,1012.0,1555,1015.1,14.2,9.9,1300,2.99,23.91,,,,,,,,23.6,6.8,23.2,22.2,21.8,20.4,,,,,,4.8,6.9,,,
264,함양군,2017-05-21,18.6,10.0,520,27.3,1433,,,,,,,6.5,270,1411,4.1,250,1417,1.0,841,230,10.1,27,1401,64.8,12.4,997.2,1017.0,736,1012.0,1802,1014.8,14.2,7.3,1100,2.95,21.27,,,,,,,,23.0,7.3,22.8,22.0,21.8,20.7,,,,,,4.2,6.0,,,
264,함양군,2017-05-22,19.4,9.0,516,29.7,1437,,,,,,,6.2,20,1132,2.8,50,1222,0.8,707,50,11.3,24,1225,66.4,13.5,996.3,1017.2,544,1010.3,1726,1013.8,14.2,12.9,1200,3.58,28.1,,,,,,,,24.8,6.0,23.7,22.5,22.1,20.8,,,,,,5.0,7.1,,,
264,함양군,2017-05-23,19.2,11.2,514,27.2,1335,,,,,,,7.4,180,1345,4.2,230,1426,1.0,835,250,13.1,25,1233,71.6,15.1,993.1,1013.9,1,1008.3,1755,1010.6,14.2,5.2,1100,2.87,21.0,,,,,,,,23.0,8.8,23.7,22.8,22.6,21.4,,,,,,3.8,5.5,,,
264,함양군,2017-05-24,20.2,14.2,540,26.7,1650,0,819,0.6,805,,0.6,6.6,270,1717,3.5,270,1720,0.7,593,160,16.1,50,1659,79.3,18.3,990.1,1009.5,1,1004.6,1629,1007.4,14.3,4.6,1100,2.08,16.02,,,,,,,,23.9,12.4,23.3,22.7,22.6,21.5,,,,,,3.0,4.2,,,
264,함양군,2017-05-25,19.6,12.2,400,28.5,1139,,,,,,,11.9,250,1216,6.8,250,1220,2.4,2042,270,9.6,24,1153,58.9,12.2,988.3,1009.1,26,1001.7,1641,1005.6,14.3,11.6,1200,3.65,29.23,,,,,,,,25.2,8.6,24.3,23.3,23.0,21.7,,,,,,7.1,10.1,,,
264,함양군,2017-05-26,16.1,8.2,529,22.5,1426,,,,,,,9.9,270,1504,5.9,250,1451,2.6,2225,250,6.3,32,1327,56.5,9.6,990.3,1012.2,2400,1006.0,1433,1008.0,14.3,13.3,1200,3.71,31.15,,,,,,,,23.6,5.4,23.2,22.5,22.5,21.7,,,,,,5.9,8.5,,,
264,함양군,2017-05-27,16.8,5.8,552,27.2,1605,,,,,,,6.9,230,1522,3.9,230,1636,0.9,820,230,7.9,24,1111,63.3,10.7,994.4,1014.0,608,1009.6,1514,1012.0,14.3,13.3,1200,3.56,30.1,,,,,,,,24.9,2.9,23.6,22.6,22.5,21.6,,,,,,5.4,7.8,,,
264,함양군,2017-05-28,21.2,9.4,510,30.2,1556,,,,,,,9.5,250,1358,4.8,250,1404,1.7,1510,250,10.4,28,1224,56.1,12.6,995.1,1015.3,624,1009.0,1740,1012.4,14.3,11.7,1200,3.25,26.3,,,,,,,,25.7,7.3,24.4,23.4,23.3,22.1,,,,,,6.7,9.6,,,
264,함양군,2017-05-29,25.7,16.7,2400,33.0,1454,,,,,,,10.2,250,1401,6.2,250,1404,2.9,2465,250,11.6,29,1715,44.6,13.8,994.5,1013.6,731,1009.3,1659,1011.6,14.4,12.5,1200,3.41,27.72,,,,,,,,29.3,13.7,27.0,25.6,24.8,23.0,,,,,,6.7,9.6,,,
264,함양군,2017-05-30,21.3,11.6,513,30.8,1357,,,,,,,7.7,250,1203,4.8,250,1147,1.0,887,230,11.9,24,1442,62.3,14.0,992.4,1012.8,414,1006.8,1753,1009.7,14.4,4.9,1000,2.99,19.63,,,,,,,,25.0,8.6,25.2,24.5,24.5,23.3,,,,,,4.4,6.2,,,
264,함양군,2017-05-31,20.7,13.5,428,29.5,1425,0,,0.1,,,0.1,7.4,230,1549,4.0,290,1522,0.8,662,20,14.9,37,1433,73.6,17.2,985.8,1007.9,1,999.5,1734,1003.1,14.4,5.7,1300,2.99,18.12,,,,,,,,26.1,11.8,24.8,24.1,23.9,23.0,,,,,,3.5,5.1,,,
264,함양군,2017-06-01,21.9,15.2,2355,30.2,1523,,,,,,,12.0,250,1828,6.6,250,1618,2.2,1934,250,15.5,30,1601,70.6,17.7,982.2,1001.7,2349,995.9,1544,999.3,14.4,10.4,1200,3.46,26.72,,,,,,,,27.9,11.5,26.4,25.3,24.8,23.3,,,,,,5.8,8.3,,,
264,함양군,2017-06-02,19.3,8.8,514,28.0,1456,,,,,,,8.4,250,1245,5.1,230,1225,1.7,1439,230,8.6,15,1117,56.9,11.2,986.2,1007.5,2318,1001.3,1620,1003.6,14.4,13.1,1100,3.54,29.87,,,,,,,,27.0,5.9,25.6,24.6,24.5,23.5,,,,,,6.4,9.1,,,
264,함양군,2017-06-03,19.6,12.6,549,25.8,1407,0,,0.0,,,0.0,9.5,230,1314,5.4,250,1301,2.3,1967,250,9.3,28,1450,56.0,11.9,990.1,1010.4,2348,1005.3,1440,1007.5,14.5,12.3,1200,3.68,28.76,,,,,,,,26.7,10.0,26.2,25.1,24.9,23.7,,,,,,5.9,8.4,,,
264,함양군,2017-06-04,18.7,8.1,454,28.5,1522,,,,,,,6.0,270,1349,3.2,270,1357,0.8,705,340,6.9,16,1619,56.4,10.2,993.5,1015.0,2358,1008.1,1644,1011.0,14.5,13.4,1200,3.67,30.82,,,,,,,,25.0,4.5,25.9,24.8,24.7,23.7,,,,,,6.1,8.7,,,
264,함양군,2017-06-05,20.2,9.7,528,30.0,1539,,,,,,,7.9,20,1508,3.5,110,1556,1.2,1052,50,9.1,18,1434,56.1,11.8,997.6,1018.4,2304,1011.8,1506,1015.1,14.5,11.0,1200,3.54,27.37,,,,,,,,26.4,8.0,26.1,25.2,25.1,24.0,,,,,,5.3,7.6,,,
264,함양군,2017-06-06,16.9,14.0,548,21.3,1218,1,1928,3.0,1914,,5.2,10.4,70,2008,5.6,50,2008,1.8,1584,50,12.7,43,1132,78.4,14.8,996.7,1018.4,5,1010.2,2400,1014.3,14.5,0.0,1100,1.43,6.97,,,,,,,,16.7,13.3,21.8,22.3,23.4,23.6,,,,,,1.5,2.2,,,
264,함양군,2017-06-07,18.6,16.4,126,22.8,1248,0,110,0.6,110,,0.7,9.6,250,1556,5.5,250,1551,2.4,2058,250,16.0,71,1247,85.8,18.3,988.7,1010.2,1,1003.7,1254,1006.2,14.5,0.0,1200,1.25,6.69,,,,,,,,19.6,15.4,20.4,20.4,21.2,21.8,,,,,,2.0,2.9,,,
264,함양군,2017-06-08,20.8,14.8,2355,28.1,1533,,,,,,,8.8,270,1055,4.6,250,1002,2.6,2275,250,12.3,29,1459,62.1,14.4,992.5,1011.4,742,1007.7,1715,1009.8,14.5,12.0,1200,3.68,30.23,,,,,,,,27.0,13.1,24.2,22.8,22.5,21.6,,,,,,5.4,7.8,,,
264,함양군,2017-06-09,21.9,11.1,520,29.3,1507,,,,,,,9.0,250,1642,4.9,290,1430,2.1,1835,270,12.2,32,1356,58.5,14.2,990.9,1011.1,520,1004.7,1622,1008.2,14.5,11.3,1200,3.55,26.89,,,,,,,,26.3,8.3,25.1,24.3,24.0,22.8,,,,,,6.2,8.8,,,
264,함양군,2017-06-10,23.0,16.8,501,28.4,1439,,,,,,,8.4,320,839,4.7,270,843,2.2,1928,270,16.8,51,1402,70.0,19.2,989.3,1008.3,616,1004.4,1737,1006.5,14.5,4.0,1100,3.06,19.5,,,,,,,,26.8,14.2,25.8,24.9,24.6,23.5,,,,,,3.7,5.3,,,
264,함양군,2017-06-11,22.7,18.3,536,30.1,1408,0,,0.0,,,0.0,7.8,90,2017,4.0,90,2033,1.2,1070,90,15.3,36,1410,65.1,17.4,990.4,1012.3,2348,1005.0,1536,1007.6,14.5,7.1,1300,3.55,23.36,,,,,,,,28.4,18.2,27.2,26.2,25.6,24.1,,,,,,4.6,6.6,,,
264,함양군,2017-06-12,20.0,13.9,512,25.6,1550,0,,0.0,,,0.0,8.1,50,1218,3.7,20,1223,1.4,1198,90,11.8,36,1351,62.3,13.8,996.9,1016.4,2311,1012.1,5,1014.4,14.6,8.8,1100,2.95,23.63,,,,,,,,26.1,12.3,26.0,25.5,25.4,24.4,,,,,,4.3,6.1,,,
264,함양군,2017-06-13,18.3,14.1,415,25.5,1254,0,1720,0.5,1524,,1.0,6.5,160,1521,3.4,180,1523,0.7,622,20,14.5,47,1241,80.9,16.6,997.0,1016.8,516,1012.3,1351,1014.6,14.6,3.6,1000,2.64,14.64,,,,,,,,23.3,11.5,24.6,24.3,24.7,24.2,,,,,,2.4,3.5,,,
264,함양군,2017-06-14,20.2,11.5,516,28.3,1526,,,,,,,6.9,270,1240,4.0,250,1258,1.2,1064,250,12.9,33,1201,68.8,14.9,993.2,1014.1,1,1007.3,1713,1010.6,14.6,9.2,1200,3.7,25.83,,,,,,,,25.9,8.8,24.4,23.8,24.0,23.3,,,,,,5.3,7.6,,,
264,함양군,2017-06-15,22.9,13.0,333,31.1,1431,,,,,,,9.3,250,1227,5.3,250,1320,2.3,1963,250,11.4,27,1405,52.6,13.5,991.0,1010.4,2,1005.8,1546,1008.2,14.6,12.9,1200,3.49,28.98,,,,,,,,28.3,8.2,26.7,25.5,25.1,24.0,,,,,,6.4,9.2,,,
264,함양군,2017-06-16,22.1,12.8,531,32.3,1405,,,,,,,6.0,70,1743,3.5,90,1745,1.0,886,90,14.5,30,1406,67.1,16.6,992.6,1012.3,2340,1007.2,1625,1009.9,14.6,12.1,1200,3.38,26.88,,,,,,,,29.1,8.4,27.4,26.4,26.0,24.7,,,,,,5.2,7.4,,,
264,함양군,2017-06-17,23.1,14.6,517,33.0,1538,,,,,,,4.2,250,2025,2.6,110,1812,0.7,603,320,14.8,29,1526,65.0,16.9,992.8,1012.8,521,1006.8,1709,1010.0,14.6,10.4,1200,3.35,25.94,,,,,,,,30.9,12.3,28.5,27.3,26.8,25.4,,,,,,5.0,7.1,,,
264,함양군,2017-06-18,24.5,13.8,536,35.0,1424,,,,,,,7.7,230,1956,5.3,230,2032,1.2,1053,270,13.3,22,1426,57.4,15.4,991.9,1012.0,614,1005.2,1625,1009.1,14.6,12.3,1200,3.51,28.64,,,,,,,,31.6,11.7,29.2,27.9,27.4,25.9,,,,,,6.4,9.2,,,
264,함양군,2017-06-19,25.2,14.1,516,34.3,1446,,,,,,,7.9,200,2128,4.6,230,2005,1.4,1186,230,14.1,24,1215,56.6,16.1,991.3,1011.0,545,1005.3,1700,1008.4,14.6,12.4,1100,3.43,27.8,,,,,,,,32.7,11.9,29.7,28.5,28.0,26.5,,,,,,6.2,8.9,,,
264,함양군,2017-06-20,21.1,16.3,504,27.0,1335,0,,0.4,2024,,0.4,7.1,50,1143,3.5,110,1235,0.8,728,50,16.1,44,1317,76.3,18.4,988.4,1008.7,1,1003.3,1710,1005.6,14.6,0.5,1200,1.82,12.0,,,,,,,,24.5,15.0,26.6,26.4,26.8,26.4,,,,,,2.6,3.8,,,
264,함양군,2017-06-21,23.6,15.3,527,31.0,1517,,,,,,,8.9,200,1412,5.3,250,1258,1.7,1468,230,17.1,39,1137,70.8,19.5,988.4,1009.1,2356,1003.5,131,1005.5,14.6,7.8,1100,3.44,25.87,,,,,,,,28.1,13.8,27.5,26.6,26.3,25.6,,,,,,5.5,7.9,,,
264,함양군,2017-06-22,25.1,16.7,434,32.4,1607,,,,,,,6.1,270,1313,3.1,250,1314,1.0,827,270,16.6,32,1237,63.9,19.0,990.5,1009.9,614,1004.7,1709,1007.6,14.6,11.6,1100,3.5,25.81,,,,,,,,30.4,14.2,28.8,27.8,27.5,26.2,,,,,,5.3,7.6,,,
264,함양군,2017-06-23,25.1,17.6,546,33.4,1315,,,,,,,6.7,110,1346,3.4,140,1617,0.9,808,140,16.8,30,1147,64.9,19.2,989.0,1008.5,24,1003.5,1544,1006.0,14.6,9.8,1300,3.07,24.02,,,,,,,,31.5,16.2,29.7,28.7,28.2,26.9,,,,,,4.8,6.8,,,
264,함양군,2017-06-24,23.5,16.9,507,30.9,1546,0,,0.2,,,0.2,7.7,90,1251,4.1,50,1228,1.1,990,20,17.7,39,1544,73.6,20.4,985.7,1006.4,13,999.6,1604,1002.7,14.6,5.2,1000,2.95,20.48,,,,,,,,29.6,15.7,28.7,28.1,28.1,27.0,,,,,,4.1,5.9,,,
264,함양군,2017-06-25,23.2,17.8,529,29.8,1651,6,2016,10.5,1953,,11.0,6.6,70,1424,3.8,110,1417,1.0,835,70,19.1,52,1558,80.4,22.2,985.1,1006.2,2356,999.9,1657,1002.2,14.6,5.0,1000,2.31,17.57,,,,,,,,27.9,16.6,27.6,27.3,27.5,26.8,,,,,,3.1,4.4,,,
264,함양군,2017-06-26,22.1,18.9,433,27.4,1331,2,1541,4.0,1502,,7.0,8.8,70,1351,4.5,50,1351,1.3,1126,70,19.6,63,1333,86.4,22.8,990.0,1010.1,2312,1005.5,231,1007.2,14.6,1.6,1100,2.62,14.51,,,,,,,,23.3,18.7,25.3,25.5,26.2,26.2,,,,,,2.4,3.4,,,
264,함양군,2017-06-27,22.2,18.6,2344,27.9,1603,0,620,0.5,601,,0.5,6.8,90,1606,4.0,90,1625,0.9,749,90,18.9,57,1418,83.6,21.9,993.1,1012.1,2241,1008.8,1547,1010.4,14.6,3.3,1200,2.58,17.22,,,,,,,,23.4,17.9,24.9,24.8,25.3,25.3,,,,,,3.3,4.8,,,
264,함양군,2017-06-28,24.1,16.8,407,30.9,1441,0,,0.0,,,0.0,7.1,140,1622,3.9,140,1631,1.0,871,230,19.0,47,1422,76.4,22.1,994.6,1013.2,736,1009.8,1655,1011.8,14.6,6.5,1000,3.14,21.99,,,,,,,,25.8,15.9,26.2,25.6,25.7,25.2,,,,,,3.9,5.6,,,
264,함양군,2017-06-29,23.4,19.3,519,28.2,1501,0,2154,0.5,2104,,0.5,6.1,90,1540,3.9,90,1530,1.0,868,50,19.9,61,1555,82.1,23.2,994.1,1013.5,719,1008.8,1837,1011.3,14.6,3.6,1300,2.22,16.04,,,,,,,,25.7,18.6,26.4,26.0,26.2,25.7,,,,,,3.0,4.2,,,
264,함양군,2017-06-30,24.2,19.0,509,30.4,1309,0,125,1.0,125,,1.5,6.5,230,1805,3.8,230,1714,0.9,747,20,21.1,60,1158,84.5,25.1,991.3,1010.2,1,1006.6,1632,1008.4,14.5,4.1,1100,3.4,17.18,,,,,,,,26.5,18.6,27.0,26.6,26.6,25.9,,,,,,3.0,4.3,,,
264,함양군,2017-07-01,25.5,21.9,451,30.5,1538,0,818,0.5,759,,0.5,5.1,290,1144,2.5,290,1107,0.6,526,320,22.7,64,1538,86.0,27.6,990.8,1009.6,2330,1006.2,1627,1007.8,14.5,1.0,900,2.11,13.31,,,,,,,,26.3,20.9,27.1,26.7,26.7,26.1,,,,,,2.4,3.4,,,
264,함양군,2017-07-02,25.6,22.8,504,28.8,1748,0,,0.2,,,0.5,4.7,270,1306,2.5,250,1307,0.5,394,70,23.9,79,1749,91.1,29.7,991.4,1009.5,1,1006.9,1731,1008.4,14.5,0.2,1000,1.23,7.61,,,,,,,,25.7,21.9,26.5,26.3,26.5,26.1,,,,,,1.6,2.3,,,
264,함양군,2017-07-03,26.6,23.1,2337,31.7,1248,8,1500,13.0,1450,,14.5,9.6,250,544,5.2,250,940,1.8,1516,250,23.6,60,1249,84.6,29.1,990.0,1008.6,1,1005.7,542,1006.9,14.5,3.1,1200,3.0,14.77,,,,,,,,25.9,20.1,27.5,27.1,26.9,26.1,,,,,,2.8,4.0,,,
264,함양군,2017-07-04,25.3,22.5,141,29.0,1036,2,1633,3.5,1554,,4.5,6.2,250,915,3.5,250,924,0.9,819,70,23.4,74,1039,90.5,28.9,989.1,1008.6,2310,1005.1,1456,1006.1,14.5,0.8,1000,2.18,11.38,,,,,,,,26.3,19.6,26.9,26.6,26.8,26.2,,,,,,2.1,2.9,,,
264,함양군,2017-07-05,26.5,21.8,2351,33.5,1444,0,,0.0,,,0.0,5.3,90,1618,3.3,250,1942,0.8,716,50,23.2,54,1427,84.1,28.4,992.8,1012.1,2319,1007.7,1618,1009.8,14.5,7.4,1100,3.15,23.18,,,,,,,,28.0,21.1,28.4,27.7,27.4,26.5,,,,,,4.1,5.8,,,
264,함양군,2017-07-06,24.2,21.8,209,29.7,1244,5,1735,12.5,1656,,19.0,5.9,200,1320,3.2,180,1326,0.5,433,50,23.0,72,1242,93.8,28.1,993.7,1012.3,716,1009.5,1857,1010.8,14.5,0.0,1000,1.56,7.7,,,,,,,,25.0,21.4,26.5,26.5,26.9,26.7,,,,,,1.4,2.0,,,
264,함양군,2017-07-07,25.1,23.0,427,29.2,1654,2,825,2.0,735,,3.5,3.2,50,1400,1.7,90,1727,0.3,298,20,23.9,79,1659,93.4,29.6,992.3,1011.3,1,1007.6,1802,1009.3,14.5,0.3,1400,1.62,9.99,,,,,,,,26.3,22.9,26.7,26.4,26.4,26.2,,,,,,1.7,2.4,,,
264,함양군,2017-07-08,24.9,22.6,1015,30.4,1524,7,914,16.5,833,,34.5,5.1,230,820,3.1,230,825,0.4,367,70,24.0,76,1528,94.9,29.8,991.0,1010.6,914,1006.2,1648,1008.1,14.5,0.9,1400,1.96,9.27,,,,,,,,26.4,21.8,26.6,26.3,26.4,26.1,,,,,,2.0,2.8,,,
264,함양군,2017-07-09,26.0,22.7,515,32.9,1347,5,1641,20.5,1626,,21.0,5.0,110,1355,2.8,250,1646,0.5,425,160,24.4,64,1348,91.9,30.7,989.8,1009.3,603,1004.6,1610,1006.8,14.5,5.0,1100,3.4,18.46,,,,,,,,28.3,21.5,28.3,27.6,27.4,26.6,,,,,,2.9,4.2,,,
264,함양군,2017-07-10,26.0,23.7,15,30.6,1422,0,,0.1,,,0.2,3.8,140,1752,2.3,110,1752,0.4,308,70,24.9,73,1425,94.4,31.6,986.2,1004.8,1,1001.8,1717,1003.1,14.4,0.3,1200,1.41,7.83,,,,,,,,26.4,19.8,27.6,27.2,27.3,26.9,,,,,,1.9,2.7,,,
264,함양군,2017-07-11,27.1,23.0,2358,32.4,1540,0,402,0.9,312,,1.0,9.5,250,340,5.2,230,437,1.6,1398,250,23.3,56,1540,81.4,28.7,990.5,1010.2,2357,1002.1,51,1007.4,14.4,4.3,1500,2.36,19.49,,,,,,,,28.0,20.4,28.4,27.7,27.6,26.9,,,,,,3.6,5.1,,,
264,함양군,2017-07-12,27.3,21.7,423,34.1,1435,,,,,,,6.9,250,1418,4.3,250,1424,1.0,828,270,22.6,40,1326,79.3,27.5,992.5,1011.3,742,1007.3,1733,1009.5,14.4,12.0,1200,3.46,27.96,,,,,,,,28.4,20.4,29.2,28.5,28.3,27.3,,,,,,5.5,7.8,,,
264,함양군,2017-07-13,26.8,20.9,319,34.3,1404,,,,,,,9.0,250,1337,5.3,230,1346,1.2,1048,250,21.6,35,1341,77.6,25.9,990.7,1010.1,715,1005.4,1624,1007.6,14.4,11.6,1200,3.58,28.65,,,,,,,,28.4,19.9,29.8,29.1,28.9,27.9,,,,,,5.6,8.0,,,
264,함양군,2017-07-14,24.0,20.6,243,32.0,1608,0,1729,1.5,1736,,2.0,14.3,250,1713,6.7,270,1720,0.5,447,200,22.4,58,1618,92.0,27.2,992.1,1011.5,2136,1007.0,1619,1009.2,14.4,1.5,1300,2.49,11.65,,,,,,,,25.4,19.8,27.6,27.5,28.0,27.8,,,,,,2.1,3.0,,,
264,함양군,2017-07-15,24.0,21.3,741,27.3,1751,5,529,8.0,519,,20.5,8.9,230,558,4.8,230,604,0.5,420,200,23.1,83,1736,95.4,28.3,994.2,1012.7,2144,1009.7,226,1011.4,14.4,0.2,1000,0.94,7.61,,,,,,,,25.3,21.2,25.8,25.9,26.5,26.8,,,,,,1.3,1.8,,,
264,함양군,2017-07-16,26.6,21.7,356,32.0,1328,,,,,,,6.9,250,956,3.7,230,1209,1.3,1149,250,23.5,61,1613,84.6,29.0,995.3,1014.1,2354,1010.6,1707,1012.3,14.3,3.7,1300,2.75,16.8,,,,,,,,26.0,20.9,27.3,26.8,26.8,26.5,,,,,,3.5,4.9,,,
264,함양군,2017-07-17,25.4,22.1,2053,31.2,1240,4,1603,10.0,1548,,11.0,13.8,250,1553,7.4,250,1601,1.1,961,290,23.1,68,1218,88.3,28.2,995.4,1014.6,1605,1010.9,1500,1012.5,14.3,2.0,1200,2.39,14.64,,,,,,,,27.1,20.5,27.4,27.0,27.2,26.8,,,,,,2.6,3.7,,,
264,함양군,2017-07-18,24.5,22.0,16,29.3,1712,0,43,1.5,25,,3.0,5.1,290,1400,2.5,290,1406,0.6,534,290,23.5,77,1714,94.8,29.0,992.5,1012.6,56,1007.7,1732,1009.7,14.3,0.7,1500,1.35,8.83,,,,,,,,25.1,21.3,26.3,26.1,26.4,26.5,,,,,,1.8,2.6,,,
264,함양군,2017-07-19,27.3,21.0,439,34.4,1544,,,,,,,5.0,250,1122,2.9,250,1123,0.5,439,270,23.5,51,1539,82.3,29.0,989.6,1008.8,508,1003.8,1757,1006.5,14.3,10.4,1300,3.51,26.35,,,,,,,,28.9,18.9,28.8,27.8,27.5,26.7,,,,,,4.8,6.9,,,
264,함양군,2017-07-20,28.0,22.5,433,34.6,1536,,,,,,,7.3,230,1049,4.1,230,1140,1.0,891,270,24.8,55,1529,84.6,31.3,990.1,1008.5,809,1004.6,1652,1007.0,14.3,10.4,1300,3.38,25.49,,,,,,,,29.7,22.2,29.9,29.1,28.9,27.8,,,,,,5.0,7.2,,,
264,함양군,2017-07-21,29.0,23.7,442,35.2,1414,0,,0.0,,,0.0,7.2,230,1409,3.5,250,1406,1.0,895,250,25.2,58,1359,82.4,32.1,991.9,1010.7,2320,1007.4,1409,1008.7,14.2,9.3,1100,3.3,23.79,,,,,,,,30.2,23.3,31.1,30.2,29.8,28.6,,,,,,4.5,6.5,,,
264,함양군,2017-07-22,28.9,24.2,542,35.1,1253,,,,,,,6.9,290,1419,3.6,270,1424,0.9,820,250,24.6,44,1201,80.9,31.0,992.6,1011.3,557,1007.7,1716,1009.4,14.2,7.1,1300,3.27,22.44,,,,,,,,31.1,23.8,31.6,30.7,30.3,29.2,,,,,,4.4,6.3,,,
264,함양군,2017-07-23,27.9,24.5,455,30.8,1552,0,,0.0,,,0.0,6.3,230,1332,3.3,250,1310,0.9,796,290,25.6,73,1512,88.4,32.8,988.8,1008.4,1,1003.8,1633,1005.7,14.2,0.0,1100,1.28,10.07,,,,,,,,28.0,23.8,29.5,29.3,29.5,29.2,,,,,,2.0,2.9,,,
264,함양군,2017-07-24,28.5,25.0,421,33.5,1221,0,1331,0.5,1324,,1.0,7.2,250,1148,3.8,250,1153,0.8,721,250,26.7,67,1244,91.1,35.2,986.0,1004.7,1,1001.0,1614,1002.8,14.2,3.8,1200,2.9,16.43,,,,,,,,29.1,23.9,30.0,29.5,29.5,28.8,,,,,,2.8,4.0,,,
264,함양군,2017-07-25,27.1,23.9,2356,34.0,1606,5,523,6.5,453,,8.0,6.4,70,1649,4.2,90,1730,1.2,1006,110,25.3,59,1623,90.9,32.3,986.5,1007.2,2327,1001.1,1536,1003.4,14.1,4.8,1300,3.17,16.95,,,,,,,,29.2,22.8,29.8,29.3,29.4,28.9,,,,,,3.7,5.3,,,
264,함양군,2017-07-26,25.3,20.3,551,31.5,1519,,,,,,,5.3,50,1244,2.4,50,1115,0.7,616,110,21.2,55,1508,80.4,25.2,990.8,1009.2,740,1006.1,1703,1007.9,14.1,9.8,1300,3.21,24.05,,,,,,,,28.3,20.1,29.3,29.0,29.1,28.7,,,,,,4.1,5.9,,,
264,함양군,2017-07-27,25.3,18.2,516,33.5,1509,,,,,,,5.1,360,1232,2.4,20,1153,0.5,446,20,20.0,38,1315,77.1,23.5,991.2,1010.1,615,1005.8,1627,1008.3,14.1,12.3,1200,3.48,27.76,,,,,,,,30.9,17.4,30.0,29.5,29.4,28.7,,,,,,5.1,7.3,,,
264,함양군,2017-07-28,27.2,20.7,537,34.0,1432,0,,0.0,,,0.0,6.0,270,1536,3.5,290,1552,0.8,711,270,23.6,52,1202,82.8,29.2,990.9,1009.8,714,1006.3,1441,1007.8,14.1,8.1,1200,3.22,23.21,,,,,,,,32.1,20.5,31.3,30.5,30.3,29.3,,,,,,4.2,5.9,,,
264,함양군,2017-07-29,25.7,23.7,2342,29.8,1305,2,1352,3.5,1307,,4.0,4.1,360,1256,2.1,360,1108,0.7,620,70,24.2,72,1248,92.5,30.3,990.6,1008.4,2159,1006.7,1307,1007.6,14.0,0.1,1200,1.76,7.54,,,,,,,,27.4,22.2,29.4,29.5,29.8,29.5,,,,,,1.3,1.9,,,
264,함양군,2017-07-30,25.9,23.0,323,30.9,1509,0,,0.1,,,0.2,3.2,50,1516,1.5,50,1517,0.3,295,90,24.4,74,1505,92.4,30.7,990.6,1008.7,747,1005.7,1712,1007.6,14.0,0.9,1300,2.04,13.24,,,,,,,,28.8,22.4,28.7,28.4,28.6,28.5,,,,,,2.3,3.2,,,
264,함양군,2017-07-31,25.2,22.3,2354,28.0,1417,2,1816,7.0,1751,,12.5,4.3,110,1901,2.2,140,1902,0.5,434,50,24.7,93,1627,97.8,31.2,992.1,1011.0,2251,1007.8,210,1009.2,14.0,0.0,1100,0.89,5.66,,,,,,,,25.7,19.9,27.7,27.8,28.3,28.3,,,,,,1.2,1.7,,,
264,함양군,2017-08-01,27.1,21.8,123,34.1,1600,0,,0.0,,,0.0,4.7,200,956,2.6,200,958,0.6,497,20,24.2,57,1454,85.9,30.2,992.9,1012.6,916,1007.5,1724,1009.9,14.0,7.9,1200,3.51,23.39,,,,,,,,28.7,20.6,28.9,28.4,28.3,27.9,,,,,,4.1,5.8,,,
264,함양군,2017-08-02,27.0,23.8,2347,32.9,1404,,,,,,,5.0,70,1313,2.6,90,1151,0.4,366,50,25.1,66,1352,90.6,32.0,990.6,1010.1,1,1005.4,1644,1007.5,13.9,3.6,1200,3.47,17.52,,,,,,,,30.6,19.3,30.1,29.7,29.5,28.8,,,,,,3.4,4.8,,,
264,함양군,2017-08-03,26.9,21.8,624,33.1,1558,,,,,,,6.3,50,1255,3.2,90,1223,1.2,1042,70,22.8,54,1601,81.1,27.8,988.6,1007.2,618,1002.9,1653,1005.6,13.9,11.3,1200,3.49,26.07,,,,,,,,30.9,17.4,30.4,29.9,29.8,29.0,,,,,,4.9,7.0,,,
264,함양군,2017-08-04,28.6,23.6,46,35.1,1614,,,,,,,5.6,50,1245,2.7,140,1800,0.8,727,,24.8,56,1608,82.0,31.4,988.3,1006.7,654,1002.5,1659,1005.1,13.9,7.5,1200,3.55,21.03,,,,,,,,34.8,21.6,31.5,30.9,30.6,29.6,,,,,,3.4,4.9,,,
264,함양군,2017-08-05,29.0,22.5,547,36.3,1542,,,,,,,6.2,160,1846,2.6,90,1440,1.0,841,,24.5,50,1548,79.3,30.7,986.0,1005.4,709,999.6,1822,1002.8,13.8,10.1,1100,3.01,23.66,,,,,,,,36.6,21.2,32.6,31.7,31.3,30.1,,,,,,4.5,6.4,,,
264,함양군,2017-08-06,29.9,22.9,554,36.3,1449,,,,,,,6.6,200,2215,4.3,230,2219,0.9,736,200,24.5,44,1655,75.8,30.8,983.3,1003.0,12,996.5,1755,999.9,13.8,11.5,1100,3.13,26.01,,,,,,,,38.0,20.9,33.4,32.5,32.1,30.7,,,,,,5.3,7.5,,,
264,함양군,2017-08-07,28.3,22.9,2300,34.5,1424,,,,,,,7.0,230,1525,4.1,270,1055,1.3,1156,250,23.4,48,1328,77.5,28.8,982.4,1001.2,2322,997.7,1458,999.1,13.8,11.3,1200,3.27,25.34,,,,,,,,35.8,20.4,33.7,32.9,32.6,31.3,,,,,,5.0,7.1,,,
264,함양군,2017-08-08,26.7,21.4,331,32.6,1355,0,,0.0,,,0.0,6.0,230,1448,4.0,230,1453,0.9,757,200,23.2,55,1422,83.4,28.5,982.8,1001.3,50,998.2,1710,999.6,13.7,2.1,1300,2.45,16.49,,,,,,,,31.2,20.5,31.6,31.2,31.3,30.9,,,,,,3.1,4.5,,,
264,함양군,2017-08-09,25.2,23.2,359,28.0,1444,1,2239,2.0,2211,,4.0,2.9,360,1341,1.5,270,214,0.3,246,90,24.3,83,1446,95.1,30.4,980.1,999.3,3,995.8,1510,996.9,13.7,0.0,1300,0.84,5.03,,,,,,,,27.9,21.0,29.0,29.1,29.8,30.1,,,,,,1.1,1.5,,,
264,함양군,2017-08-10,27.6,23.5,2357,32.6,1423,0,,0.2,,,0.2,7.0,250,1300,4.0,230,1337,1.6,1414,250,24.1,56,1533,83.0,30.0,982.8,1002.9,2340,997.5,51,999.6,13.7,8.8,1200,3.34,24.26,,,,,,,,31.3,21.0,30.5,29.9,29.8,29.3,,,,,,4.6,6.5,,,
264,함양군,2017-08-11,25.7,21.1,457,33.5,1324,1,1532,3.5,1502,,3.5,5.1,70,1423,2.9,70,1430,0.6,480,90,23.2,48,1329,87.9,28.4,988.8,1009.1,2326,1002.8,18,1005.8,13.7,5.2,1300,3.31,18.86,,,,,,,,28.9,18.5,30.4,30.1,30.2,29.7,,,,,,3.6,5.1,,,
264,함양군,2017-08-12,26.4,22.2,547,31.9,1405,,,,,,,5.0,110,1237,2.2,50,1310,0.8,651,90,22.4,57,1252,80.6,27.1,993.2,1011.7,746,1008.6,1446,1010.2,13.6,6.1,1200,3.55,19.53,,,,,,,,30.6,20.8,30.3,29.8,29.9,29.5,,,,,,3.5,5.0,,,
264,함양군,2017-08-13,23.2,21.1,402,26.5,1245,1,2330,5.0,2300,,6.5,4.6,160,1305,2.5,160,1306,0.8,681,70,21.1,67,1300,89.1,25.0,993.5,1012.1,718,1009.3,1830,1010.7,13.6,0.0,1000,1.4,8.67,,,,,,,,25.8,19.2,27.7,28.0,28.7,29.1,,,,,,1.5,2.1,,,
264,함양군,2017-08-14,21.6,20.8,840,22.6,1624,2,39,8.5,807,,48.0,4.0,70,108,2.5,70,112,0.9,809,90,21.4,97,1125,98.6,25.4,989.3,1009.9,1,1004.8,1739,1006.6,13.6,0.0,1100,0.65,3.05,,,,,,,,21.9,18.5,24.4,24.8,26.0,27.3,,,,,,0.7,1.0,,,
264,함양군,2017-08-15,22.4,21.3,41,24.0,1258,1,31,2.5,2,,8.0,2.3,90,210,1.3,70,2,0.3,265,70,22.1,95,1302,98.5,26.7,987.0,1005.5,7,1002.7,1637,1004.1,13.5,0.0,1200,0.56,3.34,,,,,,,,23.0,19.7,24.4,24.6,25.3,26.1,,,,,,0.8,1.1,,,
264,함양군,2017-08-16,26.3,22.6,1,31.9,1555,0,,0.1,,,0.1,5.0,230,1702,3.4,230,1716,0.6,536,200,23.7,62,1601,87.4,29.3,987.7,1006.5,2400,1003.0,1604,1004.6,13.5,5.4,1200,3.0,20.16,,,,,,,,28.1,22.0,27.7,27.0,26.8,26.4,,,,,,3.5,5.1,,,
264,함양군,2017-08-17,26.4,22.1,2357,32.0,1445,,,,,,,5.9,270,1711,3.0,250,1741,0.9,738,230,23.0,53,1556,83.6,28.0,990.3,1009.5,2345,1005.4,1509,1007.3,13.5,6.7,1300,3.36,21.04,,,,,,,,28.9,21.7,28.9,28.3,28.2,27.7,,,,,,3.9,5.6,,,
264,함양군,2017-08-18,24.9,20.2,605,32.0,1529,,,,,,,4.5,230,1754,2.7,230,1755,0.5,448,340,22.1,52,1525,85.9,26.6,993.7,1012.8,2359,1008.9,1541,1010.8,13.4,8.0,1300,2.76,19.24,,,,,,,,27.9,19.2,28.5,28.0,28.2,27.9,,,,,,3.3,4.7,,,
264,함양군,2017-08-19,23.8,20.6,319,30.4,1328,0,1358,0.5,1407,,0.5,6.5,250,1435,3.3,250,1440,0.6,500,50,22.4,67,1332,92.3,27.0,995.0,1013.4,718,1010.9,1517,1012.1,13.4,1.5,1100,1.87,11.15,,,,,,,,25.1,20.5,27.3,27.3,27.7,27.8,,,,,,1.9,2.7,,,
264,함양군,2017-08-20,24.3,22.7,440,28.1,1256,1,359,2.5,837,,7.0,6.3,20,1157,3.1,50,1223,1.2,1005,70,23.7,84,1257,96.5,29.2,992.7,1012.0,1,1007.7,1831,1009.8,13.4,1.3,1200,2.75,10.46,,,,,,,,24.5,21.7,26.6,26.6,27.1,27.3,,,,,,1.7,2.4,,,
264,함양군,2017-08-21,24.3,22.3,306,29.3,1316,17,248,28.5,209,,42.5,4.5,320,251,2.3,320,255,0.4,352,340,23.6,85,1321,96.6,29.3,991.8,1010.8,2247,1006.6,1643,1008.9,13.3,1.1,1100,1.73,10.25,,,,,,,,25.6,21.7,26.7,26.6,26.9,27.0,,,,,,1.9,2.7,,,
264,함양군,2017-08-22,25.8,21.7,118,30.8,1134,0,1252,0.5,1202,,0.5,6.1,270,1249,3.5,250,1254,0.5,439,20,24.4,75,1149,92.4,30.7,995.5,1015.2,2331,1010.2,126,1012.6,13.3,3.4,1400,2.79,14.31,,,,,,,,27.7,20.0,27.7,27.3,27.4,27.2,,,,,,2.6,3.7,,,
264,함양군,2017-08-23,27.2,23.0,132,34.4,1343,1,1657,1.5,1650,,2.5,6.8,320,1550,4.1,230,1702,0.7,577,230,25.2,59,1338,90.5,32.2,995.5,1015.2,6,1010.1,1436,1012.5,13.3,5.8,1300,2.58,17.73,,,,,,,,29.2,20.4,29.2,28.5,28.4,27.8,,,,,,3.1,4.5,,,
264,함양군,2017-08-24,28.0,23.1,136,32.6,1152,0,1428,0.5,1401,,0.5,10.7,250,1139,6.3,250,1140,1.9,1649,250,25.1,64,1110,85.4,32.0,990.9,1012.1,1,1005.1,1617,1007.7,13.2,7.3,1100,3.03,18.4,,,,,,,,28.1,21.0,28.4,28.3,28.4,28.2,,,,,,3.5,5.0,,,
264,함양군,2017-08-25,25.9,18.9,2345,33.3,1443,0,132,1.0,114,,1.5,5.0,270,1728,2.4,250,1538,0.6,526,70,21.2,35,1439,79.5,25.5,990.9,1011.1,2305,1006.2,140,1007.9,13.2,7.0,1100,3.12,19.54,,,,,,,,27.2,17.4,29.0,28.7,28.8,28.3,,,,,,4.0,5.8,,,
264,함양군,2017-08-26,22.0,14.7,559,30.6,1534,,,,,,,5.3,50,1134,2.9,250,1638,0.6,491,230,14.7,25,1508,70.6,16.9,996.2,1016.6,2350,1010.8,11,1013.6,13.1,10.4,1200,3.48,25.65,,,,,,,,26.4,13.1,27.3,27.2,27.7,27.8,,,,,,4.7,6.8,,,
264,함양군,2017-08-27,21.2,13.2,559,30.5,1503,,,,,,,3.9,20,1426,1.8,50,1348,0.4,363,200,16.7,40,1240,79.0,19.2,997.8,1018.1,615,1012.6,1554,1015.2,13.1,11.4,1200,3.32,24.48,,,,,,,,25.9,12.0,26.7,26.5,27.0,27.2,,,,,,4.2,6.0,,,
264,함양군,2017-08-28,22.9,15.9,538,29.8,1352,,,,,,,7.0,290,1326,3.8,290,1326,0.8,657,270,20.8,64,1014,89.4,25.0,994.4,1014.7,622,1009.0,1742,1011.7,13.1,6.0,1300,3.07,17.56,,,,,,,,25.5,15.0,27.0,26.7,27.0,27.1,,,,,,3.1,4.5,,,
264,함양군,2017-08-29,24.1,16.5,2250,29.8,1517,3,200,6.5,159,,6.5,6.6,250,1612,4.5,230,1630,1.6,1373,270,18.0,35,1334,72.6,20.9,994.4,1013.4,2153,1008.9,139,1011.6,13.0,11.1,1200,3.31,25.03,,,,,,,,26.2,15.8,27.4,27.2,27.6,27.3,,,,,,4.7,6.7,,,
264,함양군,2017-08-30,19.3,15.0,2303,25.0,1223,0,,0.0,,,0.0,2.9,70,1122,1.7,70,1154,0.4,361,70,15.4,45,1219,80.5,17.5,995.3,1014.1,735,1010.2,1612,1012.8,13.0,1.2,1100,2.42,12.31,,,,,,,,21.8,13.8,24.5,24.9,25.9,26.6,,,,,,2.2,3.2,,,
264,함양군,2017-08-31,19.8,11.7,609,29.2,1506,,,,,,,3.9,340,1530,1.9,20,1538,0.5,397,90,14.4,34,1617,76.5,16.5,993.8,1013.9,31,1007.8,1540,1011.3,13.0,11.2,1200,3.25,24.5,,,,,,,,24.0,9.0,24.9,24.7,25.3,25.7,,,,,,4.1,5.9,,,
264,함양군,2017-09-01,19.6,13.7,620,28.6,1603,,,,,,,4.9,110,1605,2.7,90,1617,0.5,475,110,15.2,42,1559,79.9,17.4,994.7,1014.0,818,1009.7,1509,1012.2,12.9,9.1,1200,3.37,22.98,,,,,,,,23.9,12.3,25.4,25.3,25.8,25.9,,,,,,4.2,6.0,,,
264,함양군,2017-09-02,18.3,11.6,541,25.4,1445,,,,,,,3.4,160,1313,2.2,180,1455,0.4,332,20,15.2,53,1207,84.4,17.3,995.7,1015.0,651,1010.9,1428,1013.2,12.9,5.9,1100,2.68,17.53,,,,,,,,22.4,7.8,24.3,24.3,25.2,25.7,,,,,,2.7,3.9,,,
264,함양군,2017-09-03,19.2,11.8,453,27.8,1430,,,,,,,7.6,50,1209,2.8,160,1415,0.6,500,110,14.8,40,1421,79.5,17.0,997.9,1017.1,745,1012.9,1521,1015.5,12.9,9.6,1200,3.21,23.47,,,,,,,,24.1,9.0,24.8,24.6,25.1,25.3,,,,,,4.0,5.7,,,
264,함양군,2017-09-04,20.1,14.7,503,27.7,1351,,,,,,,5.9,360,1347,2.6,50,1356,0.5,466,110,16.9,50,1421,83.9,19.3,998.1,1017.6,808,1013.3,1438,1015.5,12.8,5.1,1200,2.94,18.0,,,,,,,,24.0,13.0,25.3,25.1,25.6,25.6,,,,,,3.0,4.2,,,
264,함양군,2017-09-05,19.2,16.2,329,21.3,1450,0,,0.3,949,,0.9,3.2,70,1401,1.8,70,1340,0.3,252,70,18.6,93,1421,96.8,21.5,994.4,1015.2,41,1009.5,1835,1011.9,12.8,0.0,1400,0.56,3.67,,,,,,,,20.7,14.9,23.1,23.5,24.5,25.3,,,,,,0.7,1.0,,,
264,함양군,2017-09-06,20.4,17.5,2301,25.0,1302,1,1619,5.5,1617,,17.0,5.2,20,1902,2.4,50,1844,0.3,238,50,19.9,87,1306,97.5,23.4,990.3,1010.1,1,1005.7,1458,1007.6,12.8,0.2,1200,1.25,4.85,,,,,,,,22.0,17.5,23.3,23.4,24.0,24.6,,,,,,1.0,1.4,,,
264,함양군,2017-09-07,20.8,17.3,545,27.8,1356,0,2,0.5,1,,0.5,6.6,270,1502,3.9,250,1434,0.8,661,90,18.2,50,1608,87.4,21.0,990.2,1010.3,2351,1005.2,1336,1007.5,12.7,5.7,1100,2.65,16.03,,,,,,,,22.1,15.6,23.5,23.4,23.9,24.3,,,,,,2.9,4.1,,,
264,함양군,2017-09-08,21.2,14.8,636,29.1,1351,,,,,,,6.2,200,1418,3.6,230,1426,0.8,657,250,18.1,53,1436,85.1,20.9,993.9,1013.2,2353,1008.9,1451,1011.3,12.7,9.0,1300,3.14,22.65,,,,,,,,23.8,13.7,24.3,24.0,24.4,24.5,,,,,,3.8,5.5,,,
264,함양군,2017-09-09,20.6,15.0,432,29.6,1340,,,,,,,3.9,290,1541,2.3,270,1536,0.3,285,270,17.9,43,1334,87.0,20.6,995.7,1014.8,2356,1010.9,1501,1013.2,12.7,5.1,1200,2.98,17.34,,,,,,,,22.7,13.3,24.4,24.4,24.8,24.8,,,,,,2.9,4.1,,,
264,함양군,2017-09-10,21.4,15.5,617,29.2,1345,,,,,,,6.0,90,1443,3.0,110,1247,0.9,783,50,18.1,49,1346,83.4,20.8,996.3,1016.0,725,1011.0,2320,1013.6,12.6,2.8,1300,2.95,15.06,,,,,,,,22.5,13.6,24.2,24.1,24.6,24.7,,,,,,2.6,3.7,,,
264,함양군,2017-09-11,19.7,17.8,2332,22.6,1728,4,756,12.0,713,,51.5,4.4,50,421,2.4,70,319,0.7,594,90,19.3,82,1,97.9,22.4,989.0,1011.3,13,1003.1,1606,1006.4,12.6,0.0,1200,0.71,4.33,,,,,,,,20.6,15.1,22.1,22.5,23.4,24.1,,,,,,1.0,1.5,,,
264,함양군,2017-09-12,22.0,15.9,2400,29.0,1440,,,,,,,7.2,230,1515,4.3,250,1537,1.5,1281,250,17.9,49,1600,80.4,20.5,996.0,1017.1,2337,1009.7,1,1013.3,12.5,10.7,1200,3.13,22.88,,,,,,,,23.1,13.1,23.5,23.1,23.5,23.7,,,,,,4.3,6.1,,,
264,함양군,2017-09-13,18.2,10.8,618,28.2,1412,,,,,,,7.1,270,1349,3.8,250,1437,0.7,636,250,13.0,33,1334,76.8,15.0,1000.8,1020.4,2308,1015.9,1547,1018.5,12.5,11.3,1200,3.2,23.62,,,,,,,,20.2,6.8,22.3,22.4,23.2,23.7,,,,,,4.2,6.0,,,
264,함양군,2017-09-14,18.3,10.0,548,27.6,1409,,,,,,,4.8,110,1529,2.7,160,1540,0.5,468,90,14.4,46,1421,81.6,16.6,1001.5,1021.9,701,1016.1,1603,1019.2,12.5,11.0,1200,3.18,23.08,,,,,,,,20.7,6.0,22.2,22.1,22.9,23.4,,,,,,3.7,5.2,,,
264,함양군,2017-09-15,18.4,13.1,604,24.4,1418,,,,,,,8.5,70,1340,4.2,50,1513,1.4,1174,70,13.8,49,1552,77.0,15.8,1000.8,1020.6,626,1016.1,1525,1018.4,12.4,4.5,1000,2.0,14.61,,,,,,,,19.1,7.2,21.3,21.7,22.6,23.3,,,,,,2.7,3.9,,,
264,함양군,2017-09-16,19.0,12.6,317,24.5,1245,,,,,,,6.4,110,1800,2.9,70,1802,0.8,729,70,15.5,61,1241,81.5,17.6,995.5,1017.6,1,1009.9,2342,1013.1,12.4,1.1,1200,2.1,10.48,,,,,,,,18.5,9.3,20.7,20.9,21.8,22.6,,,,,,1.8,2.6,,,
264,함양군,2017-09-17,20.7,16.3,2356,26.6,1420,,,,,,,7.6,360,1545,3.6,70,1222,1.1,962,110,17.9,62,1429,85.0,20.6,988.2,1010.0,1,1002.1,1602,1005.4,12.4,0.7,1200,1.64,7.75,,,,,,,,20.4,11.9,22.1,22.0,22.4,22.7,,,,,,1.8,2.5,,,
264,함양군,2017-09-18,19.5,13.7,630,27.0,1346,,,,,,,8.6,250,1310,4.8,250,1315,1.2,1069,250,15.2,45,1250,79.5,17.3,991.4,1011.1,2214,1006.1,1,1008.9,12.3,10.7,1200,3.13,22.06,,,,,,,,21.9,7.7,22.6,22.2,22.6,22.7,,,,,,4.0,5.8,,,
264,함양군,2017-09-19,21.3,13.3,201,27.7,1411,,,,,,,8.4,230,1532,4.5,250,1618,1.5,1285,250,17.8,58,1517,82.3,20.6,993.4,1012.1,720,1008.7,1602,1010.8,12.3,3.4,1300,2.06,12.53,,,,,,,,21.1,9.4,22.2,22.0,22.5,22.8,,,,,,2.5,3.6,,,
264,함양군,2017-09-20,19.7,11.3,2359,24.1,1449,0,,0.0,,,0.0,8.3,250,329,4.4,230,1500,2.2,1858,230,14.9,51,1540,75.6,17.1,994.5,1015.3,2348,1009.8,448,1012.0,12.2,3.6,1400,2.0,11.94,,,,,,,,20.3,5.0,22.1,22.1,22.7,22.9,,,,,,2.4,3.5,,,
264,함양군,2017-09-21,16.6,8.5,603,26.2,1509,,,,,,,5.3,50,1217,2.6,50,1217,0.5,457,50,13.0,45,1355,83.0,15.2,996.8,1016.7,748,1011.6,1537,1014.6,12.2,7.9,1100,2.88,19.07,,,,,,,,19.1,3.9,20.7,20.7,21.6,22.1,,,,,,3.0,4.3,,,
264,함양군,2017-09-22,17.5,10.5,649,27.1,1438,,,,,,,5.9,250,1529,3.5,270,1532,0.6,533,230,13.5,33,1526,81.5,15.5,995.8,1015.3,831,1010.6,1602,1013.4,12.2,9.2,1200,2.92,20.05,,,,,,,,20.6,5.2,21.8,21.6,22.1,22.3,,,,,,3.4,4.8,,,
264,함양군,2017-09-23,18.2,12.0,113,27.8,1629,,,,,,,3.2,340,1421,1.6,180,1541,0.3,282,50,14.7,44,1418,83.4,16.8,998.5,1017.8,2302,1013.9,1505,1016.2,12.1,7.2,1200,2.77,17.56,,,,,,,,20.9,6.7,22.1,21.9,22.4,22.4,,,,,,2.8,4.0,,,
264,함양군,2017-09-24,19.2,12.3,418,28.7,1453,,,,,,,4.4,250,1459,2.7,250,1502,0.5,422,230,16.4,52,1438,86.8,18.9,998.4,1018.3,848,1012.1,1548,1015.9,12.1,8.5,1200,2.78,17.8,,,,,,,,21.8,6.0,22.9,22.5,22.8,22.7,,,,,,3.0,4.3,,,
264,함양군,2017-09-25,20.2,13.9,356,29.6,1459,,,,,,,4.8,70,1338,2.6,110,1554,0.5,412,70,16.7,43,1520,84.1,19.1,997.2,1017.1,828,1011.9,1512,1014.7,12.1,7.5,1200,2.75,17.97,,,,,,,,22.5,8.9,23.6,23.2,23.5,23.1,,,,,,3.1,4.5,,,
264,함양군,2017-09-26,20.5,13.9,611,28.9,1549,,,,,,,6.2,140,1318,3.3,50,1444,0.8,668,50,16.9,45,1342,83.3,19.3,995.0,1015.2,741,1009.7,1548,1012.4,12.0,8.1,1200,2.93,18.23,,,,,,,,23.1,9.5,23.8,23.5,23.9,23.5,,,,,,3.4,4.8,,,
264,함양군,2017-09-27,18.3,16.2,506,20.6,1625,4,449,10.0,433,,28.0,3.4,70,525,2.1,140,826,0.5,418,50,17.8,93,1644,97.8,20.5,989.0,1010.2,1,1003.4,1543,1006.5,12.0,0.0,1300,0.67,3.39,,,,,,,,19.5,10.6,21.3,21.7,22.7,23.3,,,,,,0.8,1.1,,,
264,함양군,2017-09-28,19.5,13.9,2134,26.1,1220,,,,,,,8.9,250,1414,5.3,250,1349,1.5,1337,250,14.3,40,1641,74.8,16.5,992.8,1013.9,2322,1007.3,30,1010.3,11.9,8.7,1200,3.05,19.26,,,,,,,,19.6,9.4,21.4,21.6,22.2,22.5,,,,,,3.8,5.4,,,
264,함양군,2017-09-29,14.7,8.8,553,22.3,1527,,,,,,,8.1,270,100,4.3,250,117,0.9,819,250,8.5,27,1538,71.0,11.2,1000.4,1021.8,2331,1013.6,1,1018.3,11.9,9.0,1100,2.77,18.26,,,,,,,,16.2,5.3,19.0,19.3,20.6,21.6,,,,,,2.9,4.1,,,
264,함양군,2017-09-30,13.6,4.6,638,26.2,1537,,,,,,,2.7,230,1739,1.9,230,1742,0.3,251,50,8.4,22,1305,78.3,11.2,1005.3,1025.3,836,1020.7,1553,1023.4,11.9,10.4,1200,3.04,21.03,,,,,,,,15.7,1.8,18.2,18.5,19.7,20.7,,,,,,3.2,4.6,,,
264,함양군,2017-10-01,13.4,7.8,224,18.3,2344,1,1721,4.0,1628,,16.5,8.0,50,2217,4.0,50,2218,0.9,767,70,12.7,86,1240,96.4,15.1,999.7,1024.0,1,1011.3,2357,1017.6,11.8,0.0,1100,0.6,3.39,,,,,,,,13.8,5.6,16.4,17.0,18.5,20.1,,,,,,0.6,0.8,,,
264,함양군,2017-10-02,19.9,16.7,2341,26.8,1441,3,323,7.0,1,,22.0,8.3,70,23,4.6,50,24,0.6,548,70,18.6,74,1444,93.5,21.6,992.3,1013.6,2323,1006.5,1444,1009.7,11.8,1.8,1200,2.74,10.17,,,,,,,,20.7,13.5,20.4,19.7,19.7,19.8,,,,,,1.8,2.5,,,
264,함양군,2017-10-03,19.2,15.2,252,27.2,1341,,,,,,,7.9,230,1820,5.2,230,1822,0.9,756,230,15.5,49,1348,81.6,17.7,998.9,1020.1,2325,1013.4,1,1016.5,11.8,6.0,1200,2.81,16.86,,,,,,,,21.2,12.6,21.2,20.8,21.1,20.9,,,,,,3.0,4.3,,,
264,함양군,2017-10-04,18.2,15.1,605,23.9,1410,0,,0.0,,,0.0,4.8,50,1320,2.3,70,2121,0.9,742,90,14.5,52,1413,80.9,16.5,1004.4,1024.8,2248,1020.0,1,1022.1,11.7,4.6,1000,2.31,14.17,,,,,,,,20.2,13.4,20.6,20.6,21.1,21.3,,,,,,2.3,3.3,,,
264,함양군,2017-10-05,15.9,12.8,625,19.2,1153,0,,0.8,2028,,1.6,5.6,70,1318,3.0,50,1322,0.7,607,70,13.6,68,1348,87.6,15.6,1005.8,1025.3,827,1022.0,1437,1023.7,11.7,0.0,1000,0.94,6.19,,,,,,,,17.3,11.4,18.9,19.2,20.2,20.9,,,,,,1.0,1.4,,,
264,함양군,2017-10-06,15.4,13.0,219,17.8,1606,0,401,1.5,408,,5.0,2.7,90,612,1.5,90,613,0.2,168,70,15.0,95,1528,97.8,17.1,1000.8,1022.8,1,1015.6,1726,1018.7,11.6,0.0,1300,0.58,3.26,,,,,,,,16.1,11.2,18.0,18.2,19.2,20.1,,,,,,0.6,0.9,,,
264,함양군,2017-10-07,18.0,14.4,2253,25.1,1450,,,,,,,5.8,20,1426,2.6,160,1523,0.5,455,140,16.7,67,1515,92.6,19.0,1002.0,1022.5,2350,1017.2,56,1019.8,11.6,3.7,1200,2.54,11.82,,,,,,,,19.1,10.5,19.9,19.7,20.0,20.1,,,,,,1.8,2.6,,,
264,함양군,2017-10-08,19.4,14.7,211,27.3,1419,,,,,,,3.8,160,1645,1.7,160,1652,0.4,334,340,17.2,55,1422,89.3,19.7,1005.0,1024.9,801,1020.2,1601,1022.7,11.6,6.5,1200,2.75,15.51,,,,,,,,21.7,10.5,21.0,20.6,20.8,20.7,,,,,,2.4,3.5,,,
264,함양군,2017-10-09,19.8,14.6,228,29.2,1426,,,,,,,4.4,250,1444,2.6,250,1449,0.5,423,50,17.5,52,1436,88.8,20.2,1003.9,1024.8,725,1018.1,1700,1021.5,11.5,7.5,1200,2.68,16.15,,,,,,,,21.6,8.0,21.8,21.4,21.6,21.4,,,,,,2.8,4.0,,,
264,함양군,2017-10-10,20.6,15.2,314,29.3,1320,,,,,,,6.3,200,1402,3.6,250,1021,0.8,713,230,17.9,53,1308,87.0,20.6,1001.3,1020.9,708,1016.8,1438,1018.8,11.5,7.7,1200,2.92,17.51,,,,,,,,21.9,11.7,22.4,22.0,22.2,21.8,,,,,,2.9,4.1,,,
264,함양군,2017-10-11,18.8,16.2,2250,23.4,1317,0,,0.1,,,0.1,8.2,250,1340,5.2,250,1401,1.7,1503,230,17.3,75,1319,91.5,19.9,999.6,1019.5,2055,1015.3,1321,1017.2,11.5,0.6,1300,1.9,7.27,,,,,,,,19.6,12.8,21.2,21.2,21.8,21.9,,,,,,1.3,1.9,,,
264,함양군,2017-10-12,12.8,10.5,2331,16.6,5,1,1335,4.0,1309,,15.5,5.0,230,1257,1.8,200,1302,0.2,186,200,12.3,92,1,97.1,14.4,1001.4,1020.5,1052,1018.4,235,1019.5,11.4,0.0,1000,0.25,1.61,,,,,,,,13.9,7.7,17.3,18.1,19.6,20.8,,,,,,0.5,0.7,,,
264,함양군,2017-10-13,12.1,6.1,650,21.1,1410,,,,,,,6.5,270,1426,3.5,270,1430,0.5,469,90,7.8,25,1506,81.0,10.7,1002.9,1023.5,2130,1018.4,1427,1021.1,11.4,8.9,1200,2.82,18.6,,,,,,,,15.1,2.9,16.3,16.7,17.8,19.0,,,,,,2.7,3.8,,,
264,함양군,2017-10-14,12.7,8.1,420,22.4,1450,,,,,,,6.8,70,1411,3.3,20,1413,0.5,429,50,7.4,19,1413,78.1,10.6,1006.2,1027.1,2356,1020.9,1432,1024.4,11.4,8.2,1300,2.85,17.42,,,,,,,,14.6,4.4,16.5,16.8,17.8,18.7,,,,,,2.8,4.0,,,
264,함양군,2017-10-15,13.5,10.3,128,18.2,1404,0,,0.2,,,0.3,5.0,70,1524,2.4,70,1425,0.5,419,70,11.4,65,1418,88.1,13.5,1008.5,1028.7,944,1024.7,1404,1026.7,11.3,0.0,1200,1.38,5.93,,,,,,,,13.9,8.3,16.2,16.5,17.5,18.5,,,,,,0.9,1.3,,,
264,함양군,2017-10-16,13.6,9.2,2243,18.5,1544,0,,0.0,,,0.0,3.8,90,1215,1.8,50,1222,0.3,257,70,11.8,68,1551,90.4,13.9,1007.8,1027.9,907,1023.7,1715,1025.9,11.3,0.8,1000,0.92,5.58,,,,,,,,14.1,5.4,16.2,16.5,17.4,18.3,,,,,,0.9,1.3,,,
264,함양군,2017-10-17,13.2,7.4,407,21.6,1240,,,,,,,4.2,70,1449,2.1,70,1453,0.5,399,70,11.0,52,1401,88.5,13.2,1006.2,1026.9,830,1021.8,1616,1024.4,11.3,4.8,1200,2.5,12.66,,,,,,,,14.6,4.6,15.9,16.1,17.0,17.8,,,,,,1.7,2.5,,,
264,함양군,2017-10-18,14.3,11.7,344,18.6,1305,0,,0.1,,,0.1,4.7,90,1902,2.0,70,1522,0.5,471,70,12.1,63,1306,88.0,14.1,1004.9,1025.2,723,1020.6,1507,1022.9,11.2,0.0,1200,1.36,5.3,,,,,,,,14.7,10.0,16.2,16.4,17.2,17.9,,,,,,0.9,1.3,,,
264,함양군,2017-10-19,14.3,9.6,640,20.5,1259,,,,,,,4.9,50,1304,2.4,20,1309,0.3,267,90,11.8,49,1356,87.1,13.9,1000.9,1021.8,1,1015.9,1530,1018.8,11.2,2.9,1100,2.06,11.44,,,,,,,,15.5,5.3,16.7,16.6,17.3,17.8,,,,,,1.7,2.4,,,
264,함양군,2017-10-20,13.5,7.5,634,23.2,1421,,,,,,,4.3,90,1222,2.4,110,1535,0.4,334,70,10.6,46,1421,86.0,12.8,1000.6,1020.4,835,1015.8,1410,1018.7,11.1,8.8,1200,2.62,16.52,,,,,,,,15.4,5.0,16.9,17.0,17.6,18.0,,,,,,2.5,3.6,,,
264,함양군,2017-10-21,12.3,6.1,411,22.9,1426,,,,,,,5.8,50,1453,3.0,70,1500,0.5,429,70,9.2,44,1357,85.3,11.7,999.1,1019.8,852,1014.8,1506,1017.2,11.1,7.4,1200,2.56,15.57,,,,,,,,14.1,3.7,16.0,16.3,17.1,17.8,,,,,,2.6,3.7,,,
264,함양군,2017-10-22,14.3,5.1,655,22.5,1425,,,,,,,10.5,360,1227,4.9,20,1408,1.7,1467,50,8.2,41,1426,70.5,11.0,993.2,1016.0,1,1007.6,1432,1011.1,11.1,7.4,1200,2.51,14.59,,,,,,,,13.4,2.9,15.2,15.4,16.5,17.4,,,,,,2.9,4.1,,,
264,함양군,2017-10-23,11.0,4.4,710,19.6,1406,,,,,,,4.2,110,1635,2.5,90,1636,0.5,391,70,6.7,40,1247,79.3,9.9,999.2,1022.2,2343,1011.3,5,1017.4,11.0,8.8,1200,2.59,15.93,,,,,,,,13.0,1.0,14.9,15.1,16.2,17.0,,,,,,2.3,3.3,,,
264,함양군,2017-10-24,9.2,4.6,2326,16.2,1351,0,,0.1,,,0.1,3.9,250,1657,2.8,250,1701,0.3,224,90,7.7,62,1627,91.1,10.5,1006.2,1026.6,2325,1022.2,1,1024.7,11.0,2.6,1300,1.56,7.29,,,,,,,,11.4,2.0,13.8,14.3,15.5,16.6,,,,,,1.0,1.4,,,
264,함양군,2017-10-25,10.2,4.0,125,21.1,1441,,,,,,,3.4,230,1654,2.4,230,1710,0.4,326,50,6.9,43,1551,84.4,10.0,1006.7,1027.9,820,1021.9,1517,1025.1,11.0,7.0,1200,2.43,13.99,,,,,,,,12.3,1.2,13.7,13.9,14.9,15.9,,,,,,2.1,3.0,,,
264,함양군,2017-10-26,10.5,4.5,132,20.7,1554,,,,,,,3.3,50,1447,1.9,50,1448,0.3,275,50,8.1,45,1621,87.8,10.9,1003.7,1025.1,838,1018.6,1612,1022.0,10.9,4.8,1200,2.52,12.01,,,,,,,,11.9,1.6,13.8,14.1,15.0,15.9,,,,,,1.6,2.3,,,
264,함양군,2017-10-27,12.2,6.8,2353,22.9,1303,,,,,,,4.5,50,1303,1.7,90,1641,0.2,207,20,9.1,43,1642,84.9,11.6,1001.8,1021.7,2206,1017.3,1444,1020.0,10.9,1.9,1100,0.73,2.58,,,,,,,,13.9,4.2,15.2,15.2,15.8,16.2,,,,,,0.7,1.0,,,
264,함양군,2017-10-28,13.0,4.4,450,20.8,1344,,,,,,,2.8,160,1250,1.6,110,1246,0.2,200,140,11.2,66,1345,90.4,13.6,1001.6,1022.6,802,1017.6,1737,1019.7,10.9,1.7,1000,0.82,2.95,,,,,,,,13.2,2.1,14.3,14.4,15.2,16.0,,,,,,0.7,0.9,,,
264,함양군,2017-10-29,11.6,7.4,2356,20.8,1131,,,,,,,14.4,270,1930,5.0,250,1636,1.9,1650,270,6.8,43,1028,74.6,10.1,998.1,1021.1,2356,1012.4,1326,1016.2,10.8,2.1,1100,0.87,3.36,,,,,,,,12.4,5.1,14.4,14.8,15.6,16.1,,,,,,1.6,2.2,,,
264,함양군,2017-10-30,8.4,1.4,735,15.4,1413,,,,,,,7.8,250,44,4.6,230,1352,1.8,1584,230,-2.3,26,1324,50.4,5.2,1006.2,1026.9,2308,1021.1,1,1024.7,,,,,,,,,,,,,8.3,-2.1,11.6,12.3,13.7,15.0,,,,,,1.9,2.7,,,
264,함양군,2017-10-31,6.0,-2.9,655,19.3,1400,,,,,,,6.8,200,1650,3.4,230,1445,0.5,468,200,-1.5,22,1335,76.0,5.8,1007.1,1028.7,816,1022.4,1516,1025.7,,,,,,,,,,,,,7.1,-7.1,10.4,10.9,12.3,13.9,,,,,,,,,,
264,함양군,2017-11-01,9.0,-0.9,711,20.2,1432,,,,,,,10.0,250,1044,3.4,230,1133,0.6,561,270,5.1,44,1331,81.0,9.0,1003.5,1025.2,3,1018.8,1515,1021.9,,,,,,,,,,,,,9.9,-4.3,11.4,11.5,12.5,13.6,,,,,,,,,,
264,함양군,2017-11-02,10.7,3.4,629,20.2,1506,,,,,,,6.0,230,1522,3.0,230,1644,0.4,374,230,7.2,41,1550,82.5,10.2,1000.6,1021.4,844,1015.7,1453,1018.9,,,,,,,,,,,,,11.2,0.9,12.3,12.4,13.2,13.9,,,,,,,,,,
264,함양군,2017-11-03,10.4,4.3,321,20.4,1218,,,,,,0.0,9.6,250,2137,5.8,230,1938,2.0,1753,250,6.8,56,1204,80.4,10.2,1002.1,1024.3,2356,1017.1,1300,1020.4,10.7,1.2,1200,1.96,4.05,,,,,,,,9.5,1.7,12.4,12.6,13.4,14.1,,,,,,1.4,2.0,,,
264,함양군,2017-11-04,8.0,1.4,2355,15.2,1436,,,,,,,7.1,290,326,4.0,230,1827,1.5,1329,230,1.1,38,1512,64.5,6.6,1009.2,1030.6,2202,1024.1,1,1027.7,10.6,8.9,1200,2.33,14.51,,,,,,,,8.3,-2.3,11.3,11.6,12.7,13.7,,,,,,1.9,2.8,,,
264,함양군,2017-11-05,5.1,-2.3,655,18.4,1453,,,,,,,4.4,230,1520,2.6,230,1522,0.4,306,20,0.3,27,1450,78.3,6.3,1010.0,1031.8,831,1025.4,1446,1028.8,10.6,8.2,1200,2.39,14.57,,,,,,,,6.2,-6.4,9.8,10.4,11.7,13.1,,,,,,2.2,3.1,,,
264,함양군,2017-11-06,9.0,-3.0,646,20.4,1405,,,,,,,8.2,250,1507,4.9,270,1513,0.9,788,250,3.4,27,1340,73.4,8.1,1006.4,1028.5,1,1020.9,1441,1024.9,10.6,8.9,1200,2.37,14.71,,,,,,,,6.5,-7.6,9.6,9.9,11.1,12.5,,,,,,2.5,3.6,,,
264,함양군,2017-11-07,14.3,6.6,707,22.3,1351,,,,,,,7.5,200,1317,4.6,230,1317,1.0,853,250,11.2,46,1322,83.5,13.4,1003.1,1024.4,857,1018.7,1458,1021.1,10.5,5.0,1000,1.92,9.34,,,,,,,,13.8,3.8,13.1,12.8,13.4,13.2,,,,,,1.7,2.4,,,
264,함양군,2017-11-08,14.4,5.0,2359,21.0,1333,,,,,,0.0,9.2,250,1252,5.5,250,1246,2.6,2226,250,8.5,27,1335,71.1,11.4,1001.2,1023.3,2354,1016.9,1334,1019.2,10.5,6.9,1200,2.16,11.29,,,,,,,,14.0,1.5,14.7,14.4,14.6,14.3,,,,,,2.6,3.7,,,
264,함양군,2017-11-09,7.4,-0.6,616,19.8,1504,,,,,,,3.2,70,1243,2.0,70,1245,0.4,336,50,1.6,22,1342,75.3,6.9,1005.7,1026.9,811,1021.4,1526,1024.2,10.5,8.8,1200,2.28,13.91,,,,,,,,8.9,-4.8,11.3,11.7,12.8,13.8,,,,,,2.1,3.0,,,
264,함양군,2017-11-10,10.4,0.0,608,20.9,1328,,,,,,0.2,12.8,270,1702,7.0,250,1507,2.2,1918,250,5.8,52,1223,75.9,9.5,999.1,1024.5,1,1011.7,1556,1017.3,10.4,5.9,1100,1.99,10.67,,,,,,,,9.4,-3.2,11.1,11.2,12.1,13.1,,,,,,2.5,3.5,,,
264,함양군,2017-11-11,7.0,-1.3,2349,14.3,1359,,,,,,,12.1,250,101,6.2,270,105,2.7,2315,270,-2.2,20,1447,56.0,5.2,1002.3,1023.8,2349,1017.1,15,1020.8,10.4,8.8,1200,2.34,14.24,,,,,,,,7.9,-5.5,10.8,11.1,12.1,13.0,,,,,,2.5,3.5,,,
264,함양군,2017-11-12,3.4,-3.3,612,15.1,1432,,,,,,,4.7,250,1511,3.0,250,1516,0.4,344,320,-3.7,15,1520,68.8,4.7,1003.3,1024.6,800,1019.2,1403,1022.1,10.4,7.9,1100,2.14,12.08,,,,,,,,4.7,-7.4,8.2,8.8,10.3,11.9,,,,,,1.6,2.2,,,
264,함양군,2017-11-13,5.8,-2.8,619,16.8,1410,,,,,,,7.6,270,1528,4.4,230,1532,0.7,602,50,0.6,27,1524,74.0,6.5,1000.0,1022.1,1,1014.9,1401,1018.6,10.4,3.8,1300,1.91,9.32,,,,,,,,5.9,-6.0,8.1,8.4,9.7,11.1,,,,,,1.7,2.4,,,
264,함양군,2017-11-14,10.2,1.9,2318,15.9,1243,,,,,,,9.1,290,1126,4.6,270,1333,2.3,2028,250,0.9,30,1325,55.5,6.8,1000.5,1021.0,2233,1016.7,327,1018.7,10.3,8.4,1200,2.01,12.04,,,,,,,,9.1,-1.6,10.1,10.1,10.9,11.5,,,,,,2.8,4.0,,,
264,함양군,2017-11-15,7.4,1.6,115,11.3,1345,,,,,,0.0,12.3,290,1337,6.6,270,1241,3.0,2571,250,-1.9,31,1603,52.4,5.4,1002.6,1023.8,2203,1019.1,1341,1021.1,10.3,6.6,1300,2.02,10.58,,,,,,,,6.5,-1.6,8.6,8.9,10.1,11.3,,,,,,2.0,2.8,,,
264,함양군,2017-11-16,3.7,-2.6,2353,11.6,1433,,,,,,,7.1,230,1450,4.7,230,1454,1.4,1228,230,-3.7,29,1529,63.0,4.7,1005.4,1026.5,800,1021.4,1436,1024.2,10.3,8.6,1200,2.2,13.41,,,,,,,,4.2,-6.4,7.3,7.8,9.1,10.6,,,,,,2.0,2.8,,,
264,함양군,2017-11-17,4.8,-4.9,442,12.5,1458,,,,,,0.0,7.8,230,2346,4.6,230,2352,0.3,261,70,-2.1,25,1447,66.0,5.4,1001.3,1025.2,205,1016.4,1948,1020.0,10.2,3.9,1000,1.86,9.0,,,,,,,,4.3,-8.0,6.5,6.8,8.1,9.7,,,,,,1.3,1.8,,,
264,함양군,2017-11-18,3.6,-1.6,2306,10.5,6,,,,,,0.0,11.6,200,327,6.4,200,415,3.3,2894,270,-8.1,16,1618,46.1,3.8,1001.9,1025.9,2345,1015.5,112,1020.7,10.2,8.6,1200,2.23,13.31,,,,,,,,5.2,-3.7,7.7,8.0,9.1,10.1,,,,,,2.7,3.9,,,
264,함양군,2017-11-19,2.5,-2.1,729,7.1,1402,,,,,,,12.6,340,1009,5.7,340,1011,2.5,2119,250,-8.1,27,855,46.6,3.4,1007.5,1028.4,1003,1024.8,1700,1026.5,10.2,6.9,1200,2.22,12.4,,,,,,,,2.2,-5.3,5.2,5.8,7.3,9.1,,,,,,2.0,2.9,,,
264,함양군,2017-11-20,4.6,-2.2,731,10.0,1334,,,,,,,9.1,250,1323,5.5,250,1327,2.2,1932,250,-3.9,23,1321,56.9,4.6,1007.3,1028.2,2355,1023.2,1428,1026.1,10.2,8.5,1100,2.07,12.42,,,,,,,,4.1,-5.8,6.3,6.6,7.6,8.9,,,,,,2.2,3.1,,,
264,함양군,2017-11-21,2.2,-4.4,718,11.5,1233,,,,,,,6.2,270,1320,3.6,270,1348,0.7,580,250,-2.8,29,1241,74.5,5.0,1007.2,1029.5,811,1023.1,1648,1026.2,10.1,8.5,1200,2.13,12.88,,,,,,,,2.7,-8.7,5.6,6.1,7.3,8.6,,,,,,1.7,2.5,,,
264,함양군,2017-11-22,5.3,-1.1,19,13.1,1434,,,,,,0.0,10.6,290,1408,4.9,270,1410,1.5,1253,270,0.4,42,2234,72.1,6.4,1000.6,1024.3,19,1015.4,1422,1019.2,10.1,2.6,1400,1.4,6.48,,,,,,,,4.8,-3.9,6.2,6.3,7.3,8.5,,,,,,1.2,1.8,,,
264,함양군,2017-11-23,0.9,-3.2,723,6.0,1050,,,,,,0.5,9.3,270,1104,5.0,250,1107,1.3,1088,250,-1.7,45,930,83.1,5.4,1002.8,1023.8,2207,1020.0,2,1021.8,10.1,4.5,1000,1.37,8.1,,,,,,,,1.4,-7.2,4.5,5.3,6.7,8.3,,,,,,0.9,1.2,,,
264,함양군,2017-11-24,2.4,-2.7,2359,7.2,1235,,,,,,1.0,14.2,270,1342,6.9,270,1349,2.4,2080,250,-0.6,57,1607,81.8,5.9,1006.1,1028.8,2331,1022.5,528,1025.1,10.1,4.9,1100,1.86,8.57,,,,,,,,1.7,-5.3,4.3,4.8,6.1,7.6,,,,,,0.9,1.3,,,
264,함양군,2017-11-25,1.3,-5.4,724,11.1,1527,,,,,,,4.5,110,1512,2.8,90,1450,0.5,422,50,-1.7,45,1413,83.1,5.5,1007.9,1031.2,743,1023.3,1603,1026.9,10.1,7.7,1200,2.03,11.45,,,,,,,,1.0,-8.1,3.8,4.2,5.5,7.2,,,,,,1.7,2.4,,,
264,함양군,2017-11-26,7.9,-1.2,2327,15.5,1245,,,,,,0.2,11.0,270,407,6.0,250,459,1.8,1558,250,3.9,55,1228,77.8,8.2,1005.0,1027.9,2352,1020.6,1245,1023.5,10.0,5.1,1200,1.62,7.49,,,,,,,,4.5,-5.6,6.0,6.0,6.7,7.5,,,,,,1.1,1.6,,,
264,함양군,2017-11-27,2.5,-4.9,701,13.9,1516,,,,,,,2.0,270,1415,1.1,230,1636,0.2,140,230,0.0,52,1400,86.4,6.2,1007.6,1029.6,817,1023.3,1515,1026.5,10.0,8.3,1200,1.91,10.94,,,,,,,,2.6,-8.4,4.9,5.2,6.2,7.5,,,,,,1.1,1.6,,,
264,함양군,2017-11-28,7.2,-2.0,351,16.3,1258,,,,,,0.0,8.1,290,1353,4.2,290,1341,0.9,806,290,4.4,54,1604,84.1,8.6,1004.1,1025.1,854,1019.9,1412,1022.7,10.0,3.0,1200,1.58,7.8,,,,,,,,6.1,-5.3,6.3,6.1,6.7,7.5,,,,,,1.4,1.9,,,
264,함양군,2017-11-29,9.9,3.5,402,14.7,1301,,,,,,,7.7,230,1017,4.4,230,1023,2.1,1844,250,0.5,29,2120,56.0,6.9,1004.6,1024.8,1019,1021.1,1506,1022.9,10.0,4.1,1200,1.68,7.58,,,,,,,,7.7,0.9,9.0,8.6,8.8,8.7,,,,,,2.2,3.1,,,
264,함양군,2017-11-30,3.7,-1.2,2354,8.6,1352,,,,,,,10.5,250,754,6.4,250,725,3.0,2631,250,-12.8,15,1056,30.5,2.4,1007.0,1030.0,2347,1022.5,229,1025.9,10.0,7.7,1300,1.74,10.91,,,,,,,,3.7,-4.1,7.1,7.4,8.3,8.9,,,,,,2.7,3.9,,,
264,함양군,2017-12-01,-1.0,-6.1,2340,5.6,1336,,,,,,,8.2,270,114,4.7,250,1234,1.9,1646,250,-11.4,14,1257,50.1,2.7,1011.2,1032.5,2257,1028.7,1308,1030.4,9.9,8.4,1200,2.16,12.41,,,,,,,,0.0,-9.2,3.7,4.4,5.9,7.6,,,,,,1.7,2.5,,,
264,함양군,2017-12-02,0.2,-7.3,742,9.5,1412,,,,,,,5.2,230,1809,3.5,230,1737,0.7,589,250,-5.4,39,1414,68.3,4.2,1009.7,1032.2,26,1025.5,1432,1028.8,9.9,8.0,1200,1.86,9.88,,,,,,,,0.4,-9.5,2.7,3.1,4.6,6.5,,,,,,1.2,1.7,,,
264,함양군,2017-12-03,1.9,-6.1,537,12.7,1444,,,,,,,7.2,250,1251,4.1,230,1510,0.7,599,230,-1.5,47,1445,81.1,5.6,1005.8,1028.3,55,1020.9,1539,1024.7,9.9,6.4,1200,1.98,9.78,,,,,,,,1.6,-9.2,3.4,3.6,4.7,6.1,,,,,,1.3,1.9,,,
264,함양군,2017-12-04,2.4,-1.3,2324,6.9,1302,,,,,,0.0,13.4,290,1432,6.4,270,1439,2.4,2073,270,-3.8,33,1639,66.3,4.9,1002.5,1023.2,1,1019.8,1411,1021.4,9.9,4.9,1300,1.77,7.99,,,,,,,,2.9,-3.9,4.2,4.5,5.4,6.4,,,,,,1.5,2.2,,,
264,함양군,2017-12-05,-1.5,-7.0,2332,3.1,1410,,,,,,,10.5,230,1458,6.6,250,1500,2.4,2035,250,-9.4,35,1014,57.4,3.0,1003.3,1024.5,2345,1020.5,1337,1022.5,9.9,8.4,1200,2.07,11.99,,,,,,,,-0.6,-10.0,2.5,2.9,4.3,5.9,,,,,,1.5,2.1,,,
264,함양군,2017-12-06,-1.8,-8.4,459,6.6,1455,,,,,,0.0,5.8,230,1635,3.3,230,1644,0.4,311,230,-4.2,55,1635,84.8,4.6,1005.3,1026.1,1034,1022.9,1542,1024.5,9.9,2.8,1100,1.59,6.53,,,,,,,,0.0,-11.2,1.2,1.7,3.3,5.1,,,,,,0.6,0.9,,,
264,함양군,2017-12-07,0.8,-5.6,601,7.8,1209,,,,,,0.1,7.3,250,1455,3.8,230,1500,0.8,726,230,-2.0,63,2233,83.0,5.4,1003.1,1024.1,1,1020.0,1502,1022.1,9.8,0.7,1100,1.15,4.9,,,,,,,,0.1,-8.4,1.9,2.1,3.3,4.8,,,,,,0.7,1.0,,,
264,함양군,2017-12-08,-0.8,-6.4,2304,3.0,1427,,,,,,,10.8,250,1344,5.8,250,1752,2.6,2224,250,-9.1,32,1448,54.8,3.1,1004.2,1024.9,2054,1021.5,1416,1023.3,9.8,8.3,1200,2.02,11.62,,,,,,,,-0.7,-9.5,1.7,2.0,3.3,4.7,,,,,,1.5,2.1,,,
264,함양군,2017-12-09,1.0,-4.9,1,5.0,1409,,,,,,0.0,6.3,250,1320,3.5,320,959,1.3,1109,320,-1.5,67,202,83.5,5.6,1001.9,1024.1,1,1019.6,1913,1020.8,9.8,0.6,1300,0.79,4.18,,,,,,,,0.7,-6.4,1.8,2.0,3.1,4.5,,,,,,0.5,0.7,,,
264,함양군,2017-12-10,3.2,-1.5,9,9.0,1317,,,,,,2.0,15.8,270,2110,6.7,250,2019,1.9,1601,270,0.5,56,2214,83.3,6.4,996.8,1020.1,7,1011.5,1323,1015.5,9.8,1.1,1100,1.04,4.37,,,,,,,,2.0,-4.5,3.2,3.1,3.8,4.7,,,,,,1.0,1.5,,,
264,함양군,2017-12-11,-1.7,-4.3,2359,2.9,10,,,,,,0.0,12.2,320,1355,6.5,250,1317,3.7,3193,250,-7.1,57,215,66.6,3.6,1003.1,1025.6,2347,1017.4,1,1022.3,9.8,2.9,1200,1.38,7.52,,,,,,,,-0.8,-5.3,2.0,2.4,3.6,4.8,,,,,,0.9,1.2,,,
264,함양군,2017-12-12,-4.7,-9.2,746,0.2,1436,,,,,,,9.5,250,1308,5.0,250,1205,2.4,2042,250,-12.7,25,1301,56.3,2.3,1009.4,1030.6,810,1025.6,1,1028.9,9.8,8.3,1200,2.05,11.75,,,,,,,,-3.8,-11.2,0.3,0.9,2.4,4.1,,,,,,1.4,1.9,,,
264,함양군,2017-12-13,-4.1,-10.6,2400,2.6,1453,,,,,,,8.7,250,1722,5.6,250,1728,1.9,1653,250,-14.6,13,1507,48.0,2.0,1011.2,1032.8,2318,1028.4,1421,1030.7,9.8,8.3,1200,2.02,11.82,,,,,,,,-4.2,-13.4,-0.2,0.2,1.6,3.4,,,,,,1.5,2.1,,,
264,함양군,2017-12-14,-4.9,-14.0,726,5.7,1508,,,,,,,4.4,230,1659,3.1,230,1704,0.2,176,320,-13.4,12,1542,59.9,2.2,1011.5,1034.2,753,1027.9,1536,1031.1,9.8,5.8,1200,1.91,10.16,,,,,,,,-4.1,-16.5,-0.8,-0.3,1.1,2.9,,,,,,1.0,1.4,,,
264,함양군,2017-12-15,-0.8,-10.1,611,7.7,1408,,,,,,,7.7,230,1534,4.8,250,1238,1.1,984,250,-12.2,9,1202,53.4,2.7,1007.2,1030.6,1,1022.9,1428,1026.4,9.8,5.2,1100,1.61,9.05,,,,,,,,-2.1,-13.3,-0.5,-0.2,0.9,2.6,,,,,,1.7,2.5,,,
264,함양군,2017-12-16,0.0,-3.7,2231,4.0,22,,,,,,0.0,10.4,270,1003,5.0,320,1516,3.1,2647,270,-8.3,33,1245,54.9,3.4,1006.5,1029.4,2256,1022.6,1355,1025.6,9.8,6.2,1300,1.59,9.3,,,,,,,,0.5,-6.8,0.1,0.0,1.1,2.4,,,,,,1.5,2.2,,,
264,함양군,2017-12-17,-3.4,-10.1,721,2.3,1413,,,,,,,9.1,290,1323,4.7,270,1221,2.1,1803,250,-10.5,36,1325,59.9,2.8,1010.8,1032.3,959,1027.7,1437,1030.2,9.8,8.2,1200,1.99,11.42,,,,,,,,-2.8,-13.1,0.0,0.0,1.2,2.5,,,,,,1.3,1.8,,,
264,함양군,2017-12-18,0.5,-9.9,404,5.9,1347,,,,,,0.0,9.2,290,1239,4.9,250,1328,1.6,1343,270,-4.1,50,1347,73.3,4.7,1009.2,1031.3,1,1026.2,1405,1028.4,9.8,4.7,1100,1.71,8.07,,,,,,,,-1.4,-13.0,-0.2,0.0,1.1,2.4,,,,,,1.3,1.8,,,
264,함양군,2017-12-19,0.5,-6.4,2335,4.3,34,,,,,,,10.5,250,1400,5.2,250,1345,3.0,2625,250,-7.5,44,1329,55.3,3.6,1011.0,1033.5,2338,1026.3,136,1030.2,9.8,6.6,1200,1.93,9.87,,,,,,,,-0.3,-10.0,0.2,0.2,1.2,2.4,,,,,,1.3,1.9,,,
264,함양군,2017-12-20,-1.7,-9.0,816,6.7,1341,,,,,,0.0,7.1,250,1507,3.8,250,1418,1.0,835,230,-6.7,37,1305,73.0,3.7,1012.3,1034.1,836,1028.9,1439,1031.7,9.7,8.2,1200,1.94,11.54,,,,,,,,-1.9,-12.4,0.1,0.3,1.3,2.4,,,,,,1.3,1.9,,,
264,함양군,2017-12-21,-0.6,-6.8,2334,7.2,1315,,,,,,,9.3,230,1354,5.5,230,1354,1.6,1349,70,-6.9,30,1152,68.5,3.7,1011.6,1032.9,856,1029.2,1447,1030.9,9.8,8.2,1200,2.0,11.75,,,,,,,,-1.3,-10.4,0.2,0.3,1.3,2.4,,,,,,1.6,2.3,,,
264,함양군,2017-12-22,-1.4,-9.3,531,8.6,1417,,,,,,,10.1,250,1302,6.3,250,1251,1.0,906,250,-4.9,50,1418,79.5,4.4,1008.4,1030.7,4,1025.3,1423,1027.7,9.7,6.6,1200,1.89,9.97,,,,,,,,-1.6,-11.7,0.2,0.3,1.3,2.4,,,,,,1.2,1.7,,,
264,함양군,2017-12-23,0.6,-7.1,654,13.2,1509,,,,,,,5.1,290,1454,3.0,290,1530,0.5,405,270,-3.4,27,1546,79.6,4.9,1005.4,1027.6,912,1020.8,1437,1024.4,9.8,7.2,1300,1.7,8.89,,,,,,,,-0.5,-9.7,0.2,0.4,1.3,2.4,,,,,,1.1,1.6,,,
264,함양군,2017-12-24,3.4,-0.2,606,11.0,1414,,,,,,16.5,15.4,270,1711,7.2,250,1715,1.8,1572,270,0.9,57,2214,84.1,6.6,995.1,1022.8,1,1005.5,1417,1013.7,9.7,0.3,1300,0.58,2.33,,,,,,,,1.8,-2.4,1.4,1.2,1.9,2.6,,,,,,0.8,1.2,,,
264,함양군,2017-12-25,1.1,-1.5,2208,4.0,1419,,,,,,0.0,11.2,230,1202,6.9,200,1146,3.6,3127,250,-6.9,36,1430,55.8,3.7,1003.3,1024.8,2223,1016.8,1,1022.3,9.8,8.2,1200,1.99,11.46,,,,,,,,0.4,-3.6,1.8,1.7,2.5,3.1,,,,,,1.6,2.3,,,
264,함양군,2017-12-26,0.9,-3.7,2340,4.9,1225,,,,,,0.0,12.1,250,356,6.7,250,2151,4.1,3532,250,-5.8,37,1548,62.0,4.2,1005.3,1027.8,2337,1022.6,1301,1024.4,9.8,5.0,1200,1.97,8.18,,,,,,,,-0.1,-4.9,1.2,1.2,2.0,2.9,,,,,,1.8,2.6,,,
264,함양군,2017-12-27,-2.1,-5.2,542,3.0,1534,,,,,,,10.3,250,120,5.9,250,26,3.7,3178,250,-16.0,16,1429,35.0,1.8,1009.4,1030.8,1010,1026.8,1530,1028.7,9.8,8.2,1200,2.06,11.89,,,,,,,,-3.1,-7.0,0.3,0.4,1.4,2.6,,,,,,2.0,2.8,,,
264,함양군,2017-12-28,-1.0,-6.6,705,6.0,1530,,,,,,,5.3,290,212,3.3,200,1816,0.8,692,50,-8.2,35,144,60.4,3.4,1009.8,1032.4,812,1026.2,1622,1029.1,9.8,1.8,1100,1.34,6.59,,,,,,,,-2.1,-8.0,-0.1,0.1,1.0,2.2,,,,,,0.9,1.2,,,
264,함양군,2017-12-29,5.2,-4.1,1,9.6,1257,,,,,,0.0,9.7,290,1123,5.0,250,429,2.2,1926,250,0.3,52,1259,71.9,6.3,1007.6,1028.4,2308,1024.8,1405,1026.4,9.8,2.9,1200,1.9,6.82,,,,,,,,0.1,-5.4,0.2,0.1,1.0,2.0,,,,,,1.0,1.5,,,
264,함양군,2017-12-30,1.9,-3.7,419,6.9,1417,,,,,,0.0,5.4,230,1647,2.5,250,1639,0.3,287,250,-0.6,63,1508,84.8,5.9,1006.0,1029.5,913,1021.0,2348,1024.9,9.8,1.2,1100,1.34,5.6,,,,,,,,0.3,-6.4,0.3,0.3,1.1,2.0,,,,,,0.7,1.1,,,
264,함양군,2017-12-31,2.5,-3.3,2232,6.4,1431,,,,,,0.3,10.7,270,1303,5.6,250,1404,2.6,2288,250,-5.3,34,1220,58.9,4.3,1004.0,1025.9,2317,1020.4,126,1022.9,9.8,7.4,1200,1.89,10.54,,,,,,,,1.5,-5.9,2.2,1.9,2.4,2.7,,,,,,1.5,2.2,,,
